--
-- PostgreSQL database dump
--

-- Dumped from database version 15.3 (Ubuntu 15.3-1.pgdg22.04+1)
-- Dumped by pg_dump version 15.3 (Ubuntu 15.3-1.pgdg22.04+1)

SET statement_timeout = 0;
SET lock_timeout = 0;
SET idle_in_transaction_session_timeout = 0;
SET client_encoding = 'UTF8';
SET standard_conforming_strings = on;
SELECT pg_catalog.set_config('search_path', '', false);
SET check_function_bodies = false;
SET xmloption = content;
SET client_min_messages = warning;
SET row_security = off;

SET default_tablespace = '';

SET default_table_access_method = heap;

--
-- Name: account_emailaddress; Type: TABLE; Schema: public; Owner: iakev_general
--

CREATE TABLE public.account_emailaddress (
    id integer NOT NULL,
    email character varying(254) NOT NULL,
    verified boolean NOT NULL,
    "primary" boolean NOT NULL,
    user_id bigint NOT NULL
);


ALTER TABLE public.account_emailaddress OWNER TO iakev_general;

--
-- Name: account_emailaddress_id_seq; Type: SEQUENCE; Schema: public; Owner: iakev_general
--

ALTER TABLE public.account_emailaddress ALTER COLUMN id ADD GENERATED BY DEFAULT AS IDENTITY (
    SEQUENCE NAME public.account_emailaddress_id_seq
    START WITH 1
    INCREMENT BY 1
    NO MINVALUE
    NO MAXVALUE
    CACHE 1
);


--
-- Name: account_emailconfirmation; Type: TABLE; Schema: public; Owner: iakev_general
--

CREATE TABLE public.account_emailconfirmation (
    id integer NOT NULL,
    created timestamp with time zone NOT NULL,
    sent timestamp with time zone,
    key character varying(64) NOT NULL,
    email_address_id integer NOT NULL
);


ALTER TABLE public.account_emailconfirmation OWNER TO iakev_general;

--
-- Name: account_emailconfirmation_id_seq; Type: SEQUENCE; Schema: public; Owner: iakev_general
--

ALTER TABLE public.account_emailconfirmation ALTER COLUMN id ADD GENERATED BY DEFAULT AS IDENTITY (
    SEQUENCE NAME public.account_emailconfirmation_id_seq
    START WITH 1
    INCREMENT BY 1
    NO MINVALUE
    NO MAXVALUE
    CACHE 1
);


--
-- Name: administration_business; Type: TABLE; Schema: public; Owner: iakev_general
--

CREATE TABLE public.administration_business (
    id bigint NOT NULL,
    name character varying(255) NOT NULL,
    address character varying(255) NOT NULL,
    tax_pin character varying(255) NOT NULL,
    phone_number character varying(255),
    email_address character varying(255),
    owner_id bigint NOT NULL,
    uuid uuid NOT NULL,
    created_at timestamp with time zone NOT NULL,
    updated_at timestamp with time zone NOT NULL
);


ALTER TABLE public.administration_business OWNER TO iakev_general;

--
-- Name: administration_business_id_seq; Type: SEQUENCE; Schema: public; Owner: iakev_general
--

ALTER TABLE public.administration_business ALTER COLUMN id ADD GENERATED BY DEFAULT AS IDENTITY (
    SEQUENCE NAME public.administration_business_id_seq
    START WITH 1
    INCREMENT BY 1
    NO MINVALUE
    NO MAXVALUE
    CACHE 1
);


--
-- Name: administration_employee; Type: TABLE; Schema: public; Owner: iakev_general
--

CREATE TABLE public.administration_employee (
    id bigint NOT NULL,
    phone_number character varying(255) NOT NULL,
    address character varying(255),
    user_id bigint NOT NULL,
    department character varying(255),
    uuid uuid NOT NULL,
    created_at timestamp with time zone NOT NULL,
    updated_at timestamp with time zone NOT NULL,
    email_address character varying(255)
);


ALTER TABLE public.administration_employee OWNER TO iakev_general;

--
-- Name: administration_employee_id_seq; Type: SEQUENCE; Schema: public; Owner: iakev_general
--

ALTER TABLE public.administration_employee ALTER COLUMN id ADD GENERATED BY DEFAULT AS IDENTITY (
    SEQUENCE NAME public.administration_employee_id_seq
    START WITH 1
    INCREMENT BY 1
    NO MINVALUE
    NO MAXVALUE
    CACHE 1
);


--
-- Name: administration_supplier; Type: TABLE; Schema: public; Owner: iakev_general
--

CREATE TABLE public.administration_supplier (
    id bigint NOT NULL,
    name character varying(255) NOT NULL,
    address character varying(255) NOT NULL,
    email_address character varying(255),
    phone_number character varying(255) NOT NULL,
    uuid uuid NOT NULL,
    created_at timestamp with time zone NOT NULL,
    updated_at timestamp with time zone NOT NULL
);


ALTER TABLE public.administration_supplier OWNER TO iakev_general;

--
-- Name: administration_supplier_id_seq; Type: SEQUENCE; Schema: public; Owner: iakev_general
--

ALTER TABLE public.administration_supplier ALTER COLUMN id ADD GENERATED BY DEFAULT AS IDENTITY (
    SEQUENCE NAME public.administration_supplier_id_seq
    START WITH 1
    INCREMENT BY 1
    NO MINVALUE
    NO MAXVALUE
    CACHE 1
);


--
-- Name: auth_group; Type: TABLE; Schema: public; Owner: iakev_general
--

CREATE TABLE public.auth_group (
    id integer NOT NULL,
    name character varying(150) NOT NULL
);


ALTER TABLE public.auth_group OWNER TO iakev_general;

--
-- Name: auth_group_id_seq; Type: SEQUENCE; Schema: public; Owner: iakev_general
--

ALTER TABLE public.auth_group ALTER COLUMN id ADD GENERATED BY DEFAULT AS IDENTITY (
    SEQUENCE NAME public.auth_group_id_seq
    START WITH 1
    INCREMENT BY 1
    NO MINVALUE
    NO MAXVALUE
    CACHE 1
);


--
-- Name: auth_group_permissions; Type: TABLE; Schema: public; Owner: iakev_general
--

CREATE TABLE public.auth_group_permissions (
    id bigint NOT NULL,
    group_id integer NOT NULL,
    permission_id integer NOT NULL
);


ALTER TABLE public.auth_group_permissions OWNER TO iakev_general;

--
-- Name: auth_group_permissions_id_seq; Type: SEQUENCE; Schema: public; Owner: iakev_general
--

ALTER TABLE public.auth_group_permissions ALTER COLUMN id ADD GENERATED BY DEFAULT AS IDENTITY (
    SEQUENCE NAME public.auth_group_permissions_id_seq
    START WITH 1
    INCREMENT BY 1
    NO MINVALUE
    NO MAXVALUE
    CACHE 1
);


--
-- Name: auth_permission; Type: TABLE; Schema: public; Owner: iakev_general
--

CREATE TABLE public.auth_permission (
    id integer NOT NULL,
    name character varying(255) NOT NULL,
    content_type_id integer NOT NULL,
    codename character varying(100) NOT NULL
);


ALTER TABLE public.auth_permission OWNER TO iakev_general;

--
-- Name: auth_permission_id_seq; Type: SEQUENCE; Schema: public; Owner: iakev_general
--

ALTER TABLE public.auth_permission ALTER COLUMN id ADD GENERATED BY DEFAULT AS IDENTITY (
    SEQUENCE NAME public.auth_permission_id_seq
    START WITH 1
    INCREMENT BY 1
    NO MINVALUE
    NO MAXVALUE
    CACHE 1
);


--
-- Name: authtoken_token; Type: TABLE; Schema: public; Owner: iakev_general
--

CREATE TABLE public.authtoken_token (
    key character varying(40) NOT NULL,
    created timestamp with time zone NOT NULL,
    user_id bigint NOT NULL
);


ALTER TABLE public.authtoken_token OWNER TO iakev_general;

--
-- Name: django_admin_log; Type: TABLE; Schema: public; Owner: iakev_general
--

CREATE TABLE public.django_admin_log (
    id integer NOT NULL,
    action_time timestamp with time zone NOT NULL,
    object_id text,
    object_repr character varying(200) NOT NULL,
    action_flag smallint NOT NULL,
    change_message text NOT NULL,
    content_type_id integer,
    user_id bigint NOT NULL,
    CONSTRAINT django_admin_log_action_flag_check CHECK ((action_flag >= 0))
);


ALTER TABLE public.django_admin_log OWNER TO iakev_general;

--
-- Name: django_admin_log_id_seq; Type: SEQUENCE; Schema: public; Owner: iakev_general
--

ALTER TABLE public.django_admin_log ALTER COLUMN id ADD GENERATED BY DEFAULT AS IDENTITY (
    SEQUENCE NAME public.django_admin_log_id_seq
    START WITH 1
    INCREMENT BY 1
    NO MINVALUE
    NO MAXVALUE
    CACHE 1
);


--
-- Name: django_celery_beat_clockedschedule; Type: TABLE; Schema: public; Owner: iakev_general
--

CREATE TABLE public.django_celery_beat_clockedschedule (
    id integer NOT NULL,
    clocked_time timestamp with time zone NOT NULL
);


ALTER TABLE public.django_celery_beat_clockedschedule OWNER TO iakev_general;

--
-- Name: django_celery_beat_clockedschedule_id_seq; Type: SEQUENCE; Schema: public; Owner: iakev_general
--

ALTER TABLE public.django_celery_beat_clockedschedule ALTER COLUMN id ADD GENERATED BY DEFAULT AS IDENTITY (
    SEQUENCE NAME public.django_celery_beat_clockedschedule_id_seq
    START WITH 1
    INCREMENT BY 1
    NO MINVALUE
    NO MAXVALUE
    CACHE 1
);


--
-- Name: django_celery_beat_crontabschedule; Type: TABLE; Schema: public; Owner: iakev_general
--

CREATE TABLE public.django_celery_beat_crontabschedule (
    id integer NOT NULL,
    minute character varying(240) NOT NULL,
    hour character varying(96) NOT NULL,
    day_of_week character varying(64) NOT NULL,
    day_of_month character varying(124) NOT NULL,
    month_of_year character varying(64) NOT NULL,
    timezone character varying(63) NOT NULL
);


ALTER TABLE public.django_celery_beat_crontabschedule OWNER TO iakev_general;

--
-- Name: django_celery_beat_crontabschedule_id_seq; Type: SEQUENCE; Schema: public; Owner: iakev_general
--

ALTER TABLE public.django_celery_beat_crontabschedule ALTER COLUMN id ADD GENERATED BY DEFAULT AS IDENTITY (
    SEQUENCE NAME public.django_celery_beat_crontabschedule_id_seq
    START WITH 1
    INCREMENT BY 1
    NO MINVALUE
    NO MAXVALUE
    CACHE 1
);


--
-- Name: django_celery_beat_intervalschedule; Type: TABLE; Schema: public; Owner: iakev_general
--

CREATE TABLE public.django_celery_beat_intervalschedule (
    id integer NOT NULL,
    every integer NOT NULL,
    period character varying(24) NOT NULL
);


ALTER TABLE public.django_celery_beat_intervalschedule OWNER TO iakev_general;

--
-- Name: django_celery_beat_intervalschedule_id_seq; Type: SEQUENCE; Schema: public; Owner: iakev_general
--

ALTER TABLE public.django_celery_beat_intervalschedule ALTER COLUMN id ADD GENERATED BY DEFAULT AS IDENTITY (
    SEQUENCE NAME public.django_celery_beat_intervalschedule_id_seq
    START WITH 1
    INCREMENT BY 1
    NO MINVALUE
    NO MAXVALUE
    CACHE 1
);


--
-- Name: django_celery_beat_periodictask; Type: TABLE; Schema: public; Owner: iakev_general
--

CREATE TABLE public.django_celery_beat_periodictask (
    id integer NOT NULL,
    name character varying(200) NOT NULL,
    task character varying(200) NOT NULL,
    args text NOT NULL,
    kwargs text NOT NULL,
    queue character varying(200),
    exchange character varying(200),
    routing_key character varying(200),
    expires timestamp with time zone,
    enabled boolean NOT NULL,
    last_run_at timestamp with time zone,
    total_run_count integer NOT NULL,
    date_changed timestamp with time zone NOT NULL,
    description text NOT NULL,
    crontab_id integer,
    interval_id integer,
    solar_id integer,
    one_off boolean NOT NULL,
    start_time timestamp with time zone,
    priority integer,
    headers text NOT NULL,
    clocked_id integer,
    expire_seconds integer,
    CONSTRAINT django_celery_beat_periodictask_expire_seconds_check CHECK ((expire_seconds >= 0)),
    CONSTRAINT django_celery_beat_periodictask_priority_check CHECK ((priority >= 0)),
    CONSTRAINT django_celery_beat_periodictask_total_run_count_check CHECK ((total_run_count >= 0))
);


ALTER TABLE public.django_celery_beat_periodictask OWNER TO iakev_general;

--
-- Name: django_celery_beat_periodictask_id_seq; Type: SEQUENCE; Schema: public; Owner: iakev_general
--

ALTER TABLE public.django_celery_beat_periodictask ALTER COLUMN id ADD GENERATED BY DEFAULT AS IDENTITY (
    SEQUENCE NAME public.django_celery_beat_periodictask_id_seq
    START WITH 1
    INCREMENT BY 1
    NO MINVALUE
    NO MAXVALUE
    CACHE 1
);


--
-- Name: django_celery_beat_periodictasks; Type: TABLE; Schema: public; Owner: iakev_general
--

CREATE TABLE public.django_celery_beat_periodictasks (
    ident smallint NOT NULL,
    last_update timestamp with time zone NOT NULL
);


ALTER TABLE public.django_celery_beat_periodictasks OWNER TO iakev_general;

--
-- Name: django_celery_beat_solarschedule; Type: TABLE; Schema: public; Owner: iakev_general
--

CREATE TABLE public.django_celery_beat_solarschedule (
    id integer NOT NULL,
    event character varying(24) NOT NULL,
    latitude numeric(9,6) NOT NULL,
    longitude numeric(9,6) NOT NULL
);


ALTER TABLE public.django_celery_beat_solarschedule OWNER TO iakev_general;

--
-- Name: django_celery_beat_solarschedule_id_seq; Type: SEQUENCE; Schema: public; Owner: iakev_general
--

ALTER TABLE public.django_celery_beat_solarschedule ALTER COLUMN id ADD GENERATED BY DEFAULT AS IDENTITY (
    SEQUENCE NAME public.django_celery_beat_solarschedule_id_seq
    START WITH 1
    INCREMENT BY 1
    NO MINVALUE
    NO MAXVALUE
    CACHE 1
);


--
-- Name: django_content_type; Type: TABLE; Schema: public; Owner: iakev_general
--

CREATE TABLE public.django_content_type (
    id integer NOT NULL,
    app_label character varying(100) NOT NULL,
    model character varying(100) NOT NULL
);


ALTER TABLE public.django_content_type OWNER TO iakev_general;

--
-- Name: django_content_type_id_seq; Type: SEQUENCE; Schema: public; Owner: iakev_general
--

ALTER TABLE public.django_content_type ALTER COLUMN id ADD GENERATED BY DEFAULT AS IDENTITY (
    SEQUENCE NAME public.django_content_type_id_seq
    START WITH 1
    INCREMENT BY 1
    NO MINVALUE
    NO MAXVALUE
    CACHE 1
);


--
-- Name: django_migrations; Type: TABLE; Schema: public; Owner: iakev_general
--

CREATE TABLE public.django_migrations (
    id bigint NOT NULL,
    app character varying(255) NOT NULL,
    name character varying(255) NOT NULL,
    applied timestamp with time zone NOT NULL
);


ALTER TABLE public.django_migrations OWNER TO iakev_general;

--
-- Name: django_migrations_id_seq; Type: SEQUENCE; Schema: public; Owner: iakev_general
--

ALTER TABLE public.django_migrations ALTER COLUMN id ADD GENERATED BY DEFAULT AS IDENTITY (
    SEQUENCE NAME public.django_migrations_id_seq
    START WITH 1
    INCREMENT BY 1
    NO MINVALUE
    NO MAXVALUE
    CACHE 1
);


--
-- Name: django_session; Type: TABLE; Schema: public; Owner: iakev_general
--

CREATE TABLE public.django_session (
    session_key character varying(40) NOT NULL,
    session_data text NOT NULL,
    expire_date timestamp with time zone NOT NULL
);


ALTER TABLE public.django_session OWNER TO iakev_general;

--
-- Name: django_site; Type: TABLE; Schema: public; Owner: iakev_general
--

CREATE TABLE public.django_site (
    id integer NOT NULL,
    domain character varying(100) NOT NULL,
    name character varying(50) NOT NULL
);


ALTER TABLE public.django_site OWNER TO iakev_general;

--
-- Name: django_site_id_seq; Type: SEQUENCE; Schema: public; Owner: iakev_general
--

ALTER TABLE public.django_site ALTER COLUMN id ADD GENERATED BY DEFAULT AS IDENTITY (
    SEQUENCE NAME public.django_site_id_seq
    START WITH 1
    INCREMENT BY 1
    NO MINVALUE
    NO MAXVALUE
    CACHE 1
);


--
-- Name: products_category; Type: TABLE; Schema: public; Owner: iakev_general
--

CREATE TABLE public.products_category (
    id bigint NOT NULL,
    name character varying(255) NOT NULL,
    image character varying(100),
    thumbnail character varying(100),
    uuid uuid NOT NULL,
    created_at timestamp with time zone NOT NULL,
    updated_at timestamp with time zone NOT NULL
);


ALTER TABLE public.products_category OWNER TO iakev_general;

--
-- Name: products_category_id_seq; Type: SEQUENCE; Schema: public; Owner: iakev_general
--

ALTER TABLE public.products_category ALTER COLUMN id ADD GENERATED BY DEFAULT AS IDENTITY (
    SEQUENCE NAME public.products_category_id_seq
    START WITH 1
    INCREMENT BY 1
    NO MINVALUE
    NO MAXVALUE
    CACHE 1
);


--
-- Name: products_product; Type: TABLE; Schema: public; Owner: iakev_general
--

CREATE TABLE public.products_product (
    id bigint NOT NULL,
    name character varying(255) NOT NULL,
    code character varying(255) NOT NULL,
    description text,
    product_type character varying(2) NOT NULL,
    tax_type character varying(5) NOT NULL,
    unit character varying(5) NOT NULL,
    limited boolean,
    active_for_sale boolean,
    category_id bigint NOT NULL,
    uuid uuid NOT NULL,
    created_at timestamp with time zone NOT NULL,
    packaging_unit character varying(4) NOT NULL,
    updated_at timestamp with time zone NOT NULL
);


ALTER TABLE public.products_product OWNER TO iakev_general;

--
-- Name: products_product_id_seq; Type: SEQUENCE; Schema: public; Owner: iakev_general
--

ALTER TABLE public.products_product ALTER COLUMN id ADD GENERATED BY DEFAULT AS IDENTITY (
    SEQUENCE NAME public.products_product_id_seq
    START WITH 1
    INCREMENT BY 1
    NO MINVALUE
    NO MAXVALUE
    CACHE 1
);


--
-- Name: products_stock; Type: TABLE; Schema: public; Owner: iakev_general
--

CREATE TABLE public.products_stock (
    product_id_id bigint NOT NULL,
    stock_quantity numeric(10,2) NOT NULL,
    updated_at timestamp with time zone NOT NULL,
    cost_per_unit numeric(6,2) NOT NULL,
    price_per_unit_retail numeric(6,2) NOT NULL,
    price_per_unit_wholesale numeric(6,2) NOT NULL,
    reorder_level numeric(6,2),
    reorder_quantity numeric(6,2),
    uuid uuid NOT NULL,
    created_at timestamp with time zone NOT NULL,
    stock_movement_quantity numeric(6,2),
    stock_movement_remarks text,
    stock_movement_type character varying(4)
);


ALTER TABLE public.products_stock OWNER TO iakev_general;

--
-- Name: products_supplierproduct; Type: TABLE; Schema: public; Owner: iakev_general
--

CREATE TABLE public.products_supplierproduct (
    id bigint NOT NULL,
    product_id bigint NOT NULL,
    supplier_id bigint NOT NULL
);


ALTER TABLE public.products_supplierproduct OWNER TO iakev_general;

--
-- Name: products_supplierproduct_id_seq; Type: SEQUENCE; Schema: public; Owner: iakev_general
--

ALTER TABLE public.products_supplierproduct ALTER COLUMN id ADD GENERATED BY DEFAULT AS IDENTITY (
    SEQUENCE NAME public.products_supplierproduct_id_seq
    START WITH 1
    INCREMENT BY 1
    NO MINVALUE
    NO MAXVALUE
    CACHE 1
);


--
-- Name: sales_customer; Type: TABLE; Schema: public; Owner: iakev_general
--

CREATE TABLE public.sales_customer (
    id bigint NOT NULL,
    uuid uuid NOT NULL,
    name character varying(255),
    created_at timestamp with time zone NOT NULL,
    updated_at timestamp with time zone NOT NULL,
    address character varying(255),
    tax_pin character varying(255),
    email_address character varying(255)
);


ALTER TABLE public.sales_customer OWNER TO iakev_general;

--
-- Name: sales_customer_id_seq; Type: SEQUENCE; Schema: public; Owner: iakev_general
--

ALTER TABLE public.sales_customer ALTER COLUMN id ADD GENERATED BY DEFAULT AS IDENTITY (
    SEQUENCE NAME public.sales_customer_id_seq
    START WITH 1
    INCREMENT BY 1
    NO MINVALUE
    NO MAXVALUE
    CACHE 1
);


--
-- Name: sales_paymentmode; Type: TABLE; Schema: public; Owner: iakev_general
--

CREATE TABLE public.sales_paymentmode (
    id bigint NOT NULL,
    properties jsonb,
    uuid uuid NOT NULL,
    payment_method character varying(2) NOT NULL
);


ALTER TABLE public.sales_paymentmode OWNER TO iakev_general;

--
-- Name: sales_paymentmode_id_seq; Type: SEQUENCE; Schema: public; Owner: iakev_general
--

ALTER TABLE public.sales_paymentmode ALTER COLUMN id ADD GENERATED BY DEFAULT AS IDENTITY (
    SEQUENCE NAME public.sales_paymentmode_id_seq
    START WITH 1
    INCREMENT BY 1
    NO MINVALUE
    NO MAXVALUE
    CACHE 1
);


--
-- Name: sales_productsales; Type: TABLE; Schema: public; Owner: iakev_general
--

CREATE TABLE public.sales_productsales (
    id bigint NOT NULL,
    uuid uuid NOT NULL,
    quantity_sold numeric(10,2) NOT NULL,
    price_per_unit numeric(10,2) NOT NULL,
    is_wholesale boolean NOT NULL,
    price numeric(10,2) NOT NULL,
    tax_amount numeric(10,2) NOT NULL,
    tax_rate character varying(5) NOT NULL,
    product_id bigint NOT NULL,
    sale_id bigint NOT NULL,
    created_at timestamp with time zone NOT NULL,
    updated_at timestamp with time zone NOT NULL
);


ALTER TABLE public.sales_productsales OWNER TO iakev_general;

--
-- Name: sales_productsales_id_seq; Type: SEQUENCE; Schema: public; Owner: iakev_general
--

ALTER TABLE public.sales_productsales ALTER COLUMN id ADD GENERATED BY DEFAULT AS IDENTITY (
    SEQUENCE NAME public.sales_productsales_id_seq
    START WITH 1
    INCREMENT BY 1
    NO MINVALUE
    NO MAXVALUE
    CACHE 1
);


--
-- Name: sales_sales; Type: TABLE; Schema: public; Owner: iakev_general
--

CREATE TABLE public.sales_sales (
    id bigint NOT NULL,
    sale_amount_with_tax numeric(10,2) NOT NULL,
    tax_amount numeric(10,2) NOT NULL,
    receipt_type character varying(2) NOT NULL,
    transaction_type character varying(2) NOT NULL,
    sale_status character varying(3),
    business_id_id bigint,
    cashier_id_id bigint,
    customer_id_id bigint,
    payment_id_id bigint,
    uuid uuid NOT NULL,
    created_at timestamp with time zone NOT NULL,
    updated_at timestamp with time zone NOT NULL,
    receipt_label character varying(5) NOT NULL
);


ALTER TABLE public.sales_sales OWNER TO iakev_general;

--
-- Name: sales_sales_id_seq; Type: SEQUENCE; Schema: public; Owner: iakev_general
--

ALTER TABLE public.sales_sales ALTER COLUMN id ADD GENERATED BY DEFAULT AS IDENTITY (
    SEQUENCE NAME public.sales_sales_id_seq
    START WITH 1
    INCREMENT BY 1
    NO MINVALUE
    NO MAXVALUE
    CACHE 1
);


--
-- Name: socialaccount_socialaccount; Type: TABLE; Schema: public; Owner: iakev_general
--

CREATE TABLE public.socialaccount_socialaccount (
    id integer NOT NULL,
    provider character varying(30) NOT NULL,
    uid character varying(191) NOT NULL,
    last_login timestamp with time zone NOT NULL,
    date_joined timestamp with time zone NOT NULL,
    extra_data text NOT NULL,
    user_id bigint NOT NULL
);


ALTER TABLE public.socialaccount_socialaccount OWNER TO iakev_general;

--
-- Name: socialaccount_socialaccount_id_seq; Type: SEQUENCE; Schema: public; Owner: iakev_general
--

ALTER TABLE public.socialaccount_socialaccount ALTER COLUMN id ADD GENERATED BY DEFAULT AS IDENTITY (
    SEQUENCE NAME public.socialaccount_socialaccount_id_seq
    START WITH 1
    INCREMENT BY 1
    NO MINVALUE
    NO MAXVALUE
    CACHE 1
);


--
-- Name: socialaccount_socialapp; Type: TABLE; Schema: public; Owner: iakev_general
--

CREATE TABLE public.socialaccount_socialapp (
    id integer NOT NULL,
    provider character varying(30) NOT NULL,
    name character varying(40) NOT NULL,
    client_id character varying(191) NOT NULL,
    secret character varying(191) NOT NULL,
    key character varying(191) NOT NULL
);


ALTER TABLE public.socialaccount_socialapp OWNER TO iakev_general;

--
-- Name: socialaccount_socialapp_id_seq; Type: SEQUENCE; Schema: public; Owner: iakev_general
--

ALTER TABLE public.socialaccount_socialapp ALTER COLUMN id ADD GENERATED BY DEFAULT AS IDENTITY (
    SEQUENCE NAME public.socialaccount_socialapp_id_seq
    START WITH 1
    INCREMENT BY 1
    NO MINVALUE
    NO MAXVALUE
    CACHE 1
);


--
-- Name: socialaccount_socialapp_sites; Type: TABLE; Schema: public; Owner: iakev_general
--

CREATE TABLE public.socialaccount_socialapp_sites (
    id bigint NOT NULL,
    socialapp_id integer NOT NULL,
    site_id integer NOT NULL
);


ALTER TABLE public.socialaccount_socialapp_sites OWNER TO iakev_general;

--
-- Name: socialaccount_socialapp_sites_id_seq; Type: SEQUENCE; Schema: public; Owner: iakev_general
--

ALTER TABLE public.socialaccount_socialapp_sites ALTER COLUMN id ADD GENERATED BY DEFAULT AS IDENTITY (
    SEQUENCE NAME public.socialaccount_socialapp_sites_id_seq
    START WITH 1
    INCREMENT BY 1
    NO MINVALUE
    NO MAXVALUE
    CACHE 1
);


--
-- Name: socialaccount_socialtoken; Type: TABLE; Schema: public; Owner: iakev_general
--

CREATE TABLE public.socialaccount_socialtoken (
    id integer NOT NULL,
    token text NOT NULL,
    token_secret text NOT NULL,
    expires_at timestamp with time zone,
    account_id integer NOT NULL,
    app_id integer NOT NULL
);


ALTER TABLE public.socialaccount_socialtoken OWNER TO iakev_general;

--
-- Name: socialaccount_socialtoken_id_seq; Type: SEQUENCE; Schema: public; Owner: iakev_general
--

ALTER TABLE public.socialaccount_socialtoken ALTER COLUMN id ADD GENERATED BY DEFAULT AS IDENTITY (
    SEQUENCE NAME public.socialaccount_socialtoken_id_seq
    START WITH 1
    INCREMENT BY 1
    NO MINVALUE
    NO MAXVALUE
    CACHE 1
);


--
-- Name: users_user; Type: TABLE; Schema: public; Owner: iakev_general
--

CREATE TABLE public.users_user (
    id bigint NOT NULL,
    password character varying(128) NOT NULL,
    last_login timestamp with time zone,
    is_superuser boolean NOT NULL,
    username character varying(150) NOT NULL,
    email character varying(254) NOT NULL,
    is_staff boolean NOT NULL,
    is_active boolean NOT NULL,
    date_joined timestamp with time zone NOT NULL,
    name character varying(255) NOT NULL,
    uuid uuid NOT NULL,
    first_name character varying(255) NOT NULL,
    last_name character varying(255) NOT NULL
);


ALTER TABLE public.users_user OWNER TO iakev_general;

--
-- Name: users_user_groups; Type: TABLE; Schema: public; Owner: iakev_general
--

CREATE TABLE public.users_user_groups (
    id bigint NOT NULL,
    user_id bigint NOT NULL,
    group_id integer NOT NULL
);


ALTER TABLE public.users_user_groups OWNER TO iakev_general;

--
-- Name: users_user_groups_id_seq; Type: SEQUENCE; Schema: public; Owner: iakev_general
--

ALTER TABLE public.users_user_groups ALTER COLUMN id ADD GENERATED BY DEFAULT AS IDENTITY (
    SEQUENCE NAME public.users_user_groups_id_seq
    START WITH 1
    INCREMENT BY 1
    NO MINVALUE
    NO MAXVALUE
    CACHE 1
);


--
-- Name: users_user_id_seq; Type: SEQUENCE; Schema: public; Owner: iakev_general
--

ALTER TABLE public.users_user ALTER COLUMN id ADD GENERATED BY DEFAULT AS IDENTITY (
    SEQUENCE NAME public.users_user_id_seq
    START WITH 1
    INCREMENT BY 1
    NO MINVALUE
    NO MAXVALUE
    CACHE 1
);


--
-- Name: users_user_user_permissions; Type: TABLE; Schema: public; Owner: iakev_general
--

CREATE TABLE public.users_user_user_permissions (
    id bigint NOT NULL,
    user_id bigint NOT NULL,
    permission_id integer NOT NULL
);


ALTER TABLE public.users_user_user_permissions OWNER TO iakev_general;

--
-- Name: users_user_user_permissions_id_seq; Type: SEQUENCE; Schema: public; Owner: iakev_general
--

ALTER TABLE public.users_user_user_permissions ALTER COLUMN id ADD GENERATED BY DEFAULT AS IDENTITY (
    SEQUENCE NAME public.users_user_user_permissions_id_seq
    START WITH 1
    INCREMENT BY 1
    NO MINVALUE
    NO MAXVALUE
    CACHE 1
);


--
-- Data for Name: account_emailaddress; Type: TABLE DATA; Schema: public; Owner: iakev_general
--

COPY public.account_emailaddress (id, email, verified, "primary", user_id) FROM stdin;
1	kirimikmwongera@gmail.com	t	t	1
\.


--
-- Data for Name: account_emailconfirmation; Type: TABLE DATA; Schema: public; Owner: iakev_general
--

COPY public.account_emailconfirmation (id, created, sent, key, email_address_id) FROM stdin;
\.


--
-- Data for Name: administration_business; Type: TABLE DATA; Schema: public; Owner: iakev_general
--

COPY public.administration_business (id, name, address, tax_pin, phone_number, email_address, owner_id, uuid, created_at, updated_at) FROM stdin;
43	Stores	Meru street	A008345679vhsajwe	+2547234567345	stores@gmail.com	66	0f86d9e0-5554-4778-959c-f949b3479679	2023-07-12 11:17:07.533817+00	2023-07-12 11:17:07.533848+00
42	General Stores	Meru Njuri Nchecke street	A008345679VHSER	+2547234567345	stores@gmail.com	67	9e3f8293-6843-42ab-baa9-027889815bf3	2023-07-12 10:40:23.681858+00	2023-07-12 17:33:37.366334+00
\.


--
-- Data for Name: administration_employee; Type: TABLE DATA; Schema: public; Owner: iakev_general
--

COPY public.administration_employee (id, phone_number, address, user_id, department, uuid, created_at, updated_at, email_address) FROM stdin;
1	+254234567	Nkubu, Meru	68	IT	4a97fb2c-63f8-4f2c-b8c3-085ab43e0125	2023-07-12 15:07:18.33354+00	2023-07-12 16:17:24.144484+00	\N
\.


--
-- Data for Name: administration_supplier; Type: TABLE DATA; Schema: public; Owner: iakev_general
--

COPY public.administration_supplier (id, name, address, email_address, phone_number, uuid, created_at, updated_at) FROM stdin;
\.


--
-- Data for Name: auth_group; Type: TABLE DATA; Schema: public; Owner: iakev_general
--

COPY public.auth_group (id, name) FROM stdin;
\.


--
-- Data for Name: auth_group_permissions; Type: TABLE DATA; Schema: public; Owner: iakev_general
--

COPY public.auth_group_permissions (id, group_id, permission_id) FROM stdin;
\.


--
-- Data for Name: auth_permission; Type: TABLE DATA; Schema: public; Owner: iakev_general
--

COPY public.auth_permission (id, name, content_type_id, codename) FROM stdin;
1	Can add permission	1	add_permission
2	Can change permission	1	change_permission
3	Can delete permission	1	delete_permission
4	Can view permission	1	view_permission
5	Can add group	2	add_group
6	Can change group	2	change_group
7	Can delete group	2	delete_group
8	Can view group	2	view_group
9	Can add content type	3	add_contenttype
10	Can change content type	3	change_contenttype
11	Can delete content type	3	delete_contenttype
12	Can view content type	3	view_contenttype
13	Can add session	4	add_session
14	Can change session	4	change_session
15	Can delete session	4	delete_session
16	Can view session	4	view_session
17	Can add site	5	add_site
18	Can change site	5	change_site
19	Can delete site	5	delete_site
20	Can view site	5	view_site
21	Can add log entry	6	add_logentry
22	Can change log entry	6	change_logentry
23	Can delete log entry	6	delete_logentry
24	Can view log entry	6	view_logentry
25	Can add email address	7	add_emailaddress
26	Can change email address	7	change_emailaddress
27	Can delete email address	7	delete_emailaddress
28	Can view email address	7	view_emailaddress
29	Can add email confirmation	8	add_emailconfirmation
30	Can change email confirmation	8	change_emailconfirmation
31	Can delete email confirmation	8	delete_emailconfirmation
32	Can view email confirmation	8	view_emailconfirmation
33	Can add social account	9	add_socialaccount
34	Can change social account	9	change_socialaccount
35	Can delete social account	9	delete_socialaccount
36	Can view social account	9	view_socialaccount
37	Can add social application	10	add_socialapp
38	Can change social application	10	change_socialapp
39	Can delete social application	10	delete_socialapp
40	Can view social application	10	view_socialapp
41	Can add social application token	11	add_socialtoken
42	Can change social application token	11	change_socialtoken
43	Can delete social application token	11	delete_socialtoken
44	Can view social application token	11	view_socialtoken
45	Can add crontab	12	add_crontabschedule
46	Can change crontab	12	change_crontabschedule
47	Can delete crontab	12	delete_crontabschedule
48	Can view crontab	12	view_crontabschedule
49	Can add interval	13	add_intervalschedule
50	Can change interval	13	change_intervalschedule
51	Can delete interval	13	delete_intervalschedule
52	Can view interval	13	view_intervalschedule
53	Can add periodic task	14	add_periodictask
54	Can change periodic task	14	change_periodictask
55	Can delete periodic task	14	delete_periodictask
56	Can view periodic task	14	view_periodictask
57	Can add periodic tasks	15	add_periodictasks
58	Can change periodic tasks	15	change_periodictasks
59	Can delete periodic tasks	15	delete_periodictasks
60	Can view periodic tasks	15	view_periodictasks
61	Can add solar event	16	add_solarschedule
62	Can change solar event	16	change_solarschedule
63	Can delete solar event	16	delete_solarschedule
64	Can view solar event	16	view_solarschedule
65	Can add clocked	17	add_clockedschedule
66	Can change clocked	17	change_clockedschedule
67	Can delete clocked	17	delete_clockedschedule
68	Can view clocked	17	view_clockedschedule
69	Can add Token	18	add_token
70	Can change Token	18	change_token
71	Can delete Token	18	delete_token
72	Can view Token	18	view_token
73	Can add token	19	add_tokenproxy
74	Can change token	19	change_tokenproxy
75	Can delete token	19	delete_tokenproxy
76	Can view token	19	view_tokenproxy
77	Can add user	20	add_user
78	Can change user	20	change_user
79	Can delete user	20	delete_user
80	Can view user	20	view_user
81	Can add category	21	add_category
82	Can change category	21	change_category
83	Can delete category	21	delete_category
84	Can view category	21	view_category
85	Can add product	22	add_product
86	Can change product	22	change_product
87	Can delete product	22	delete_product
88	Can view product	22	view_product
89	Can add stock	23	add_stock
90	Can change stock	23	change_stock
91	Can delete stock	23	delete_stock
92	Can view stock	23	view_stock
93	Can add supplier product	24	add_supplierproduct
94	Can change supplier product	24	change_supplierproduct
95	Can delete supplier product	24	delete_supplierproduct
96	Can view supplier product	24	view_supplierproduct
97	Can add business	25	add_business
98	Can change business	25	change_business
99	Can delete business	25	delete_business
100	Can view business	25	view_business
101	Can add customer	26	add_customer
102	Can change customer	26	change_customer
103	Can delete customer	26	delete_customer
104	Can view customer	26	view_customer
105	Can add employee	27	add_employee
106	Can change employee	27	change_employee
107	Can delete employee	27	delete_employee
108	Can view employee	27	view_employee
109	Can add supplier	28	add_supplier
110	Can change supplier	28	change_supplier
111	Can delete supplier	28	delete_supplier
112	Can view supplier	28	view_supplier
113	Can add payment mode	29	add_paymentmode
114	Can change payment mode	29	change_paymentmode
115	Can delete payment mode	29	delete_paymentmode
116	Can view payment mode	29	view_paymentmode
117	Can add transaction type	30	add_transactiontype
118	Can change transaction type	30	change_transactiontype
119	Can delete transaction type	30	delete_transactiontype
120	Can view transaction type	30	view_transactiontype
121	Can add sales	31	add_sales
122	Can change sales	31	change_sales
123	Can delete sales	31	delete_sales
124	Can view sales	31	view_sales
133	Can add product sales	34	add_productsales
134	Can change product sales	34	change_productsales
135	Can delete product sales	34	delete_productsales
136	Can view product sales	34	view_productsales
137	Can add customer	35	add_customer
138	Can change customer	35	change_customer
139	Can delete customer	35	delete_customer
140	Can view customer	35	view_customer
141	Can add payment method	36	add_paymentmethod
142	Can change payment method	36	change_paymentmethod
143	Can delete payment method	36	delete_paymentmethod
144	Can view payment method	36	view_paymentmethod
\.


--
-- Data for Name: authtoken_token; Type: TABLE DATA; Schema: public; Owner: iakev_general
--

COPY public.authtoken_token (key, created, user_id) FROM stdin;
d50c3f18c6570cc94b2b351f8be3dfb8242ea629	2023-07-18 14:03:45.394867+00	1
\.


--
-- Data for Name: django_admin_log; Type: TABLE DATA; Schema: public; Owner: iakev_general
--

COPY public.django_admin_log (id, action_time, object_id, object_repr, action_flag, change_message, content_type_id, user_id) FROM stdin;
1	2023-07-12 08:06:44.312743+00	4	general stores general	3		20	1
2	2023-07-12 08:45:58.225035+00	8	general stores general	3		20	1
3	2023-07-12 08:56:34.058645+00	10	general_stores_general	1	[{"added": {}}]	20	1
4	2023-07-12 08:57:21.584674+00	7	Business object (7)	1	[{"added": {}}]	25	1
5	2023-07-12 08:59:00.34197+00	7	General Stores	3		25	1
6	2023-07-12 09:03:15.065007+00	10	general_stores_general	3		20	1
39	2023-07-12 09:05:04.527171+00	8	General Stores	3		25	1
40	2023-07-12 09:08:26.753386+00	13		3		20	1
41	2023-07-12 09:17:10.830351+00	41	General Stores	3		25	1
42	2023-07-12 09:17:28.92117+00	47		3		20	1
43	2023-07-12 10:39:45.975305+00	57	general_stores_general	1	[{"added": {}}]	20	1
44	2023-07-12 10:40:23.685445+00	42	General Stores	1	[{"added": {}}]	25	1
45	2023-07-13 10:25:17.101206+00	38	PaymentMode object (38)	3		29	1
46	2023-07-13 10:25:17.109271+00	37	PaymentMode object (37)	3		29	1
47	2023-07-13 10:25:17.112704+00	36	PaymentMode object (36)	3		29	1
48	2023-07-13 10:25:17.11676+00	3	PaymentMode object (3)	3		29	1
49	2023-07-13 10:25:17.120047+00	2	PaymentMode object (2)	3		29	1
50	2023-07-13 10:25:29.354498+00	39	PaymentMode object (39)	1	[{"added": {}}]	29	1
51	2023-07-13 10:39:21.803862+00	39	PaymentMode object (39)	2	[]	29	1
52	2023-07-13 12:09:44.595291+00	43	CASH	3		29	1
53	2023-07-13 12:09:44.603197+00	42		3		29	1
54	2023-07-13 12:09:44.606127+00	41		3		29	1
55	2023-07-13 12:09:44.608638+00	40		3		29	1
56	2023-07-13 12:09:44.612494+00	39	CASH	3		29	1
85	2023-07-13 15:36:08.636486+00	1	d18b8096-e191-4092-839d-4d09008d751e	3		31	1
118	2023-07-13 15:39:17.354515+00	50	None	3		29	1
119	2023-07-13 15:39:17.358816+00	49	None	3		29	1
120	2023-07-13 15:39:17.361651+00	48	None	3		29	1
121	2023-07-13 15:39:17.36619+00	47	None	3		29	1
122	2023-07-13 15:39:17.369854+00	46	None	3		29	1
123	2023-07-13 15:39:17.372769+00	45	None	3		29	1
124	2023-07-13 15:39:17.375506+00	44	None	3		29	1
151	2023-07-13 15:42:35.246655+00	1	CASH	1	[{"added": {}}]	36	1
152	2023-07-13 15:44:20.839975+00	2	CREDIT	1	[{"added": {}}]	36	1
153	2023-07-13 15:44:33.910952+00	3	CASH/CREDIT	1	[{"added": {}}]	36	1
154	2023-07-13 15:44:42.459867+00	4	BANK CHECK	1	[{"added": {}}]	36	1
155	2023-07-13 15:44:55.679211+00	5	DEBIT&CREDIT CARD	1	[{"added": {}}]	36	1
156	2023-07-13 15:45:05.279713+00	6	MOBILE MONEY	1	[{"added": {}}]	36	1
157	2023-07-13 15:45:15.60114+00	7	OTHER	1	[{"added": {}}]	36	1
158	2023-07-13 16:18:09.655057+00	77	01	1	[{"added": {}}]	29	1
159	2023-07-13 16:22:33.023929+00	78	CREDIT	1	[{"added": {}}]	29	1
160	2023-07-13 16:22:39.496172+00	79	CASH/CREDIT	1	[{"added": {}}]	29	1
161	2023-07-13 16:22:44.49496+00	80	BANK CHECK	1	[{"added": {}}]	29	1
162	2023-07-13 16:22:49.506921+00	81	DEBIT AND CREDIT CARD	1	[{"added": {}}]	29	1
163	2023-07-13 16:22:54.018949+00	82	MOBILE MONEY	1	[{"added": {}}]	29	1
164	2023-07-13 16:22:58.434768+00	83	OTHER	1	[{"added": {}}]	29	1
\.


--
-- Data for Name: django_celery_beat_clockedschedule; Type: TABLE DATA; Schema: public; Owner: iakev_general
--

COPY public.django_celery_beat_clockedschedule (id, clocked_time) FROM stdin;
\.


--
-- Data for Name: django_celery_beat_crontabschedule; Type: TABLE DATA; Schema: public; Owner: iakev_general
--

COPY public.django_celery_beat_crontabschedule (id, minute, hour, day_of_week, day_of_month, month_of_year, timezone) FROM stdin;
\.


--
-- Data for Name: django_celery_beat_intervalschedule; Type: TABLE DATA; Schema: public; Owner: iakev_general
--

COPY public.django_celery_beat_intervalschedule (id, every, period) FROM stdin;
\.


--
-- Data for Name: django_celery_beat_periodictask; Type: TABLE DATA; Schema: public; Owner: iakev_general
--

COPY public.django_celery_beat_periodictask (id, name, task, args, kwargs, queue, exchange, routing_key, expires, enabled, last_run_at, total_run_count, date_changed, description, crontab_id, interval_id, solar_id, one_off, start_time, priority, headers, clocked_id, expire_seconds) FROM stdin;
\.


--
-- Data for Name: django_celery_beat_periodictasks; Type: TABLE DATA; Schema: public; Owner: iakev_general
--

COPY public.django_celery_beat_periodictasks (ident, last_update) FROM stdin;
\.


--
-- Data for Name: django_celery_beat_solarschedule; Type: TABLE DATA; Schema: public; Owner: iakev_general
--

COPY public.django_celery_beat_solarschedule (id, event, latitude, longitude) FROM stdin;
\.


--
-- Data for Name: django_content_type; Type: TABLE DATA; Schema: public; Owner: iakev_general
--

COPY public.django_content_type (id, app_label, model) FROM stdin;
1	auth	permission
2	auth	group
3	contenttypes	contenttype
4	sessions	session
5	sites	site
6	admin	logentry
7	account	emailaddress
8	account	emailconfirmation
9	socialaccount	socialaccount
10	socialaccount	socialapp
11	socialaccount	socialtoken
12	django_celery_beat	crontabschedule
13	django_celery_beat	intervalschedule
14	django_celery_beat	periodictask
15	django_celery_beat	periodictasks
16	django_celery_beat	solarschedule
17	django_celery_beat	clockedschedule
18	authtoken	token
19	authtoken	tokenproxy
20	users	user
21	products	category
22	products	product
23	products	stock
24	products	supplierproduct
25	administration	business
26	administration	customer
27	administration	employee
28	administration	supplier
29	sales	paymentmode
30	sales	transactiontype
31	sales	sales
34	sales	productsales
35	sales	customer
36	sales	paymentmethod
\.


--
-- Data for Name: django_migrations; Type: TABLE DATA; Schema: public; Owner: iakev_general
--

COPY public.django_migrations (id, app, name, applied) FROM stdin;
1	contenttypes	0001_initial	2023-07-08 11:51:58.649584+00
2	contenttypes	0002_remove_content_type_name	2023-07-08 11:51:58.66265+00
3	auth	0001_initial	2023-07-08 11:51:58.734686+00
4	auth	0002_alter_permission_name_max_length	2023-07-08 11:51:58.747602+00
5	auth	0003_alter_user_email_max_length	2023-07-08 11:51:58.761387+00
6	auth	0004_alter_user_username_opts	2023-07-08 11:51:58.777906+00
7	auth	0005_alter_user_last_login_null	2023-07-08 11:51:58.856897+00
8	auth	0006_require_contenttypes_0002	2023-07-08 11:51:58.863355+00
9	auth	0007_alter_validators_add_error_messages	2023-07-08 11:51:58.876829+00
10	auth	0008_alter_user_username_max_length	2023-07-08 11:51:58.888622+00
11	auth	0009_alter_user_last_name_max_length	2023-07-08 11:51:58.899504+00
12	auth	0010_alter_group_name_max_length	2023-07-08 11:51:58.911876+00
13	auth	0011_update_proxy_permissions	2023-07-08 11:51:58.92547+00
14	auth	0012_alter_user_first_name_max_length	2023-07-08 11:51:58.938298+00
15	users	0001_initial	2023-07-08 11:51:59.003651+00
16	account	0001_initial	2023-07-08 11:51:59.060017+00
17	account	0002_email_max_length	2023-07-08 11:51:59.077217+00
18	admin	0001_initial	2023-07-08 11:51:59.113342+00
19	admin	0002_logentry_remove_auto_add	2023-07-08 11:51:59.131372+00
20	admin	0003_logentry_add_action_flag_choices	2023-07-08 11:51:59.148551+00
21	administration	0001_initial	2023-07-08 11:51:59.185058+00
22	products	0001_initial	2023-07-08 11:51:59.259928+00
23	administration	0002_initial	2023-07-08 11:51:59.315695+00
24	authtoken	0001_initial	2023-07-08 11:51:59.353566+00
25	authtoken	0002_auto_20160226_1747	2023-07-08 11:51:59.429371+00
26	authtoken	0003_tokenproxy	2023-07-08 11:51:59.437156+00
27	django_celery_beat	0001_initial	2023-07-08 11:51:59.486981+00
28	django_celery_beat	0002_auto_20161118_0346	2023-07-08 11:51:59.50671+00
29	django_celery_beat	0003_auto_20161209_0049	2023-07-08 11:51:59.529418+00
30	django_celery_beat	0004_auto_20170221_0000	2023-07-08 11:51:59.54684+00
31	django_celery_beat	0005_add_solarschedule_events_choices	2023-07-08 11:51:59.556564+00
32	django_celery_beat	0006_auto_20180322_0932	2023-07-08 11:51:59.614327+00
33	django_celery_beat	0007_auto_20180521_0826	2023-07-08 11:51:59.656626+00
34	django_celery_beat	0008_auto_20180914_1922	2023-07-08 11:51:59.705099+00
35	django_celery_beat	0006_auto_20180210_1226	2023-07-08 11:51:59.731425+00
36	django_celery_beat	0006_periodictask_priority	2023-07-08 11:51:59.748546+00
37	django_celery_beat	0009_periodictask_headers	2023-07-08 11:51:59.764098+00
38	django_celery_beat	0010_auto_20190429_0326	2023-07-08 11:51:59.999203+00
39	django_celery_beat	0011_auto_20190508_0153	2023-07-08 11:52:00.021819+00
40	django_celery_beat	0012_periodictask_expire_seconds	2023-07-08 11:52:00.033798+00
41	django_celery_beat	0013_auto_20200609_0727	2023-07-08 11:52:00.053281+00
42	django_celery_beat	0014_remove_clockedschedule_enabled	2023-07-08 11:52:00.065323+00
43	django_celery_beat	0015_edit_solarschedule_events_choices	2023-07-08 11:52:00.077932+00
44	django_celery_beat	0016_alter_crontabschedule_timezone	2023-07-08 11:52:00.094882+00
45	django_celery_beat	0017_alter_crontabschedule_month_of_year	2023-07-08 11:52:00.11062+00
46	django_celery_beat	0018_improve_crontab_helptext	2023-07-08 11:52:00.124439+00
47	sales	0001_initial	2023-07-08 11:52:00.180895+00
48	sessions	0001_initial	2023-07-08 11:52:00.201743+00
49	sites	0001_initial	2023-07-08 11:52:00.212513+00
50	sites	0002_alter_domain_unique	2023-07-08 11:52:00.229166+00
51	sites	0003_set_site_domain_and_name	2023-07-08 11:52:00.292441+00
52	sites	0004_alter_options_ordering_domain	2023-07-08 11:52:00.301446+00
53	socialaccount	0001_initial	2023-07-08 11:52:00.442171+00
54	socialaccount	0002_token_max_lengths	2023-07-08 11:52:00.492736+00
55	socialaccount	0003_extra_data_default_dict	2023-07-08 11:52:00.515653+00
67	administration	0003_business_uuid_customer_uuid_employee_department_and_more	2023-07-10 14:09:16.514922+00
68	products	0002_alter_stock_options_remove_category_slug_and_more	2023-07-10 14:09:16.601018+00
69	sales	0002_alter_sales_options_remove_sales_time_paid_and_more	2023-07-10 14:09:16.708383+00
70	administration	0004_business_created_at_business_updated_at_and_more	2023-07-11 11:21:07.857282+00
71	products	0003_category_created_at_category_updated_at_and_more	2023-07-11 11:36:14.742901+00
72	sales	0003_productsales_created_at_productsales_updated_at_and_more	2023-07-11 11:36:14.804751+00
73	administration	0005_employee_email_address	2023-07-12 04:31:12.849097+00
74	users	0002_user_uuid	2023-07-12 14:57:57.467771+00
75	users	0003_user_first_name_user_last_name	2023-07-12 15:01:05.014379+00
76	sales	0004_customer_alter_paymentmode_properties_and_more	2023-07-13 09:12:05.756+00
77	administration	0006_delete_customer	2023-07-13 09:12:05.763693+00
78	sales	0005_delete_transactiontype_alter_paymentmode_options_and_more	2023-07-13 12:46:43.006733+00
79	sales	0006_alter_sales_options_remove_sales_time_created_and_more	2023-07-13 13:50:36.035353+00
80	sales	0007_paymentmethod_alter_paymentmode_options_and_more	2023-07-13 15:38:13.364954+00
113	sales	0008_alter_paymentmode_payment_method	2023-07-13 15:40:37.499787+00
114	sales	0009_rename_products_productsales_product_id_and_more	2023-07-13 16:17:30.706205+00
115	sales	0010_remove_productsales_address_and_more	2023-07-13 17:14:04.302567+00
116	sales	0011_alter_sales_business_id_alter_sales_cashier_id	2023-07-14 08:05:38.508676+00
117	products	0004_alter_stock_stock_movement_quantity	2023-07-14 10:15:36.15309+00
118	sales	0012_alter_productsales_product_id_and_more	2023-07-14 10:15:36.210987+00
119	sales	0013_rename_product_id_productsales_product_and_more	2023-07-14 13:09:02.226101+00
120	products	0005_alter_product_tax_type	2023-07-14 13:47:03.311877+00
121	sales	0014_remove_sales_address_remove_sales_business_name_and_more	2023-07-15 10:21:24.149759+00
\.


--
-- Data for Name: django_session; Type: TABLE DATA; Schema: public; Owner: iakev_general
--

COPY public.django_session (session_key, session_data, expire_date) FROM stdin;
egwq592wzix5fx0gqrgio1cbwasvnlwa	.eJxVjDsOwjAQBe_iGlmOP4lNSZ8zWOvdNQ4gR4qTCnF3EikFtG9m3ltE2NYSt8ZLnEhcRScuv1sCfHI9AD2g3meJc12XKclDkSdtcpyJX7fT_Tso0MpeZ1SIjkHnoNFy1pkJegIKmFzIaBU5Mxjr2Q4GlLF7YPusQvAU2Hfi8wUl8jjR:1qLlfn:76kzjz-q5KAZ4jnIjXI-R6HMOWmu1IWiKInJqNuMpaA	2023-08-01 14:27:31.542+00
57g2ycimdcbb89lfggcpt5ho99y44eis	.eJxVjMsOgjAQRf9l1qYptDzq0r3f0AwzU6ma1lBINMZ_FxI2bO85537BFykl5uTl_YrTB876BB6XefRLkclHhjNUcNgGpIekDfAd0y0rymme4qA2Re20qGtmeV5293AwYhnXOpAmagTr4GqyEuogjC0jOxoaF8hqbkxnbC-2M6iNXQPbBu1cz076Cn5_Ts5ADg:1qM7FY:RnPTxyBbddVOChBzgnqFjEUWc-yeRQHD-lKSNXN8aAU	2023-08-02 13:29:52.316099+00
\.


--
-- Data for Name: django_site; Type: TABLE DATA; Schema: public; Owner: iakev_general
--

COPY public.django_site (id, domain, name) FROM stdin;
1	example.com	Pos Inventory
\.


--
-- Data for Name: products_category; Type: TABLE DATA; Schema: public; Owner: iakev_general
--

COPY public.products_category (id, name, image, thumbnail, uuid, created_at, updated_at) FROM stdin;
1	Confectionary			df2a6a6a-7001-486c-86b2-cadbaad092f2	2023-07-11 11:36:14.654958+00	2023-07-11 11:36:14.660201+00
2	Fruits			7e06f217-ce06-43dc-9993-02adbdcfee59	2023-07-11 11:36:14.654958+00	2023-07-11 11:36:14.660201+00
\.


--
-- Data for Name: products_product; Type: TABLE DATA; Schema: public; Owner: iakev_general
--

COPY public.products_product (id, name, code, description, product_type, tax_type, unit, limited, active_for_sale, category_id, uuid, created_at, packaging_unit, updated_at) FROM stdin;
1	Pineaple	123	Fresh juicy pineapples where spongebob lives	1	D	U	f	t	2	c0a6d092-5ec3-4f15-a2a7-1d67d94a6e5e	2023-07-11 11:36:14.671038+00	BA	2023-07-11 11:36:14.694896+00
2	Choco Biscuits 200gm	321	Manji Chocolate coated biscuits 200gm	2	B_16	U	f	t	1	85455a2d-717a-4e88-a2c3-a3b27059a2f4	2023-07-13 12:32:22.110726+00	CT	2023-07-13 12:32:22.110773+00
\.


--
-- Data for Name: products_stock; Type: TABLE DATA; Schema: public; Owner: iakev_general
--

COPY public.products_stock (product_id_id, stock_quantity, updated_at, cost_per_unit, price_per_unit_retail, price_per_unit_wholesale, reorder_level, reorder_quantity, uuid, created_at, stock_movement_quantity, stock_movement_remarks, stock_movement_type) FROM stdin;
2	30.00	2023-07-19 08:20:48.767201+00	43.50	53.00	47.50	\N	\N	3407635b-4457-4e17-b5da-a575dfa7e438	2023-07-14 10:53:51.426731+00	0.00	Sale made	\N
1	52.00	2023-07-19 08:21:37.190603+00	55.00	65.00	53.50	\N	\N	3f284341-ecad-4b6a-9a5f-ae1eb23a11f1	2023-07-11 13:10:11.471001+00	10.00	Sale made	02
\.


--
-- Data for Name: products_supplierproduct; Type: TABLE DATA; Schema: public; Owner: iakev_general
--

COPY public.products_supplierproduct (id, product_id, supplier_id) FROM stdin;
\.


--
-- Data for Name: sales_customer; Type: TABLE DATA; Schema: public; Owner: iakev_general
--

COPY public.sales_customer (id, uuid, name, created_at, updated_at, address, tax_pin, email_address) FROM stdin;
1	a6a2ed5c-4851-415a-bc44-f0921a4d40c3	Gloria Matunda	2023-07-13 13:11:14.33051+00	2023-07-13 13:11:14.330566+00	Nkubu Market	A123456RYD	matunda@gmail.com
\.


--
-- Data for Name: sales_paymentmode; Type: TABLE DATA; Schema: public; Owner: iakev_general
--

COPY public.sales_paymentmode (id, properties, uuid, payment_method) FROM stdin;
78	\N	588692c6-fbc3-4130-8cae-708088ec190e	02
79	\N	c6c602ca-332f-4651-ae9f-4b541c244d48	03
80	\N	3aa5eddf-a0f5-4125-9b20-48a3faf5b17f	04
81	\N	194cc4eb-dc02-4e57-9269-37546a71eff2	05
82	\N	f20ee5d6-5dd6-4674-8ad2-14ec88254d7e	06
83	\N	1db7a024-bc2e-4870-b3c5-45537aebd5f2	07
77	{"1": 0, "5": 0, "10": 0, "20": 0, "50": 0, "100": 0, "200": 0, "500": 0, "1000": 0}	3cb8b751-6b69-4b52-93f8-beb8bb3cfc2f	01
\.


--
-- Data for Name: sales_productsales; Type: TABLE DATA; Schema: public; Owner: iakev_general
--

COPY public.sales_productsales (id, uuid, quantity_sold, price_per_unit, is_wholesale, price, tax_amount, tax_rate, product_id, sale_id, created_at, updated_at) FROM stdin;
19	d3077fb5-8c6f-4bd8-889e-2078fe8c02fa	10.00	47.50	f	475.00	76.00	B_16	2	82	2023-07-19 08:20:48.770409+00	2023-07-19 08:20:48.770438+00
20	8c04240f-728d-4c72-84d0-b9781a32169b	10.00	53.50	f	535.00	0.00	D	1	82	2023-07-19 08:21:37.1932+00	2023-07-19 08:21:37.193223+00
\.


--
-- Data for Name: sales_sales; Type: TABLE DATA; Schema: public; Owner: iakev_general
--

COPY public.sales_sales (id, sale_amount_with_tax, tax_amount, receipt_type, transaction_type, sale_status, business_id_id, cashier_id_id, customer_id_id, payment_id_id, uuid, created_at, updated_at, receipt_label) FROM stdin;
82	1086.00	76.00	S	N	02	42	1	1	77	d6de5abe-1c26-408a-b6dd-702211f0ff5f	2023-07-15 10:24:23.985065+00	2023-07-19 12:39:34.154152+00	NS
\.


--
-- Data for Name: socialaccount_socialaccount; Type: TABLE DATA; Schema: public; Owner: iakev_general
--

COPY public.socialaccount_socialaccount (id, provider, uid, last_login, date_joined, extra_data, user_id) FROM stdin;
\.


--
-- Data for Name: socialaccount_socialapp; Type: TABLE DATA; Schema: public; Owner: iakev_general
--

COPY public.socialaccount_socialapp (id, provider, name, client_id, secret, key) FROM stdin;
\.


--
-- Data for Name: socialaccount_socialapp_sites; Type: TABLE DATA; Schema: public; Owner: iakev_general
--

COPY public.socialaccount_socialapp_sites (id, socialapp_id, site_id) FROM stdin;
\.


--
-- Data for Name: socialaccount_socialtoken; Type: TABLE DATA; Schema: public; Owner: iakev_general
--

COPY public.socialaccount_socialtoken (id, token, token_secret, expires_at, account_id, app_id) FROM stdin;
\.


--
-- Data for Name: users_user; Type: TABLE DATA; Schema: public; Owner: iakev_general
--

COPY public.users_user (id, password, last_login, is_superuser, username, email, is_staff, is_active, date_joined, name, uuid, first_name, last_name) FROM stdin;
57	argon2$argon2id$v=19$m=102400,t=2,p=8$ZVhlbjlweHBYYXBrQzJmd09jWmp4aQ$s/j/Ci+H8HAbyszvRZSlmZp1JPVFoRlCBXVOEGT/X2E	\N	f	general_stores_general		f	t	2023-07-12 10:39:45.845125+00		efd35243-3718-4044-9601-1b10d62caafd		
58	argon2$argon2id$v=19$m=102400,t=2,p=8$R29GUDZSVWlmNnJwZ05XcmZwYjhxeg$k7cWps5suH48705HSgePgCrGJmPYkXxB7qVAxjakAOE	\N	f	bill_general		f	t	2023-07-12 10:42:35.978365+00		efd35243-3718-4044-9601-1b10d62caafd		
66	argon2$argon2id$v=19$m=102400,t=2,p=8$NXlGRDNwRVZiZkd4ZHZuT2MwR1B2WA$PhzhxuPSx+UARTIP4+zdQYUN9a1ANAXlXVKw4v/Gq9A	\N	f	stores_general		f	t	2023-07-12 11:17:07.389152+00		efd35243-3718-4044-9601-1b10d62caafd		
67	argon2$argon2id$v=19$m=102400,t=2,p=8$dFFEakN5UGllcnF0OEhUMWJNOG9vcw$m/BALUYXLSiCTSinAtbq7vJSG23pS1fOOJFDUDJs4Ys	\N	f	stores_jenerali		f	t	2023-07-12 11:20:54.083518+00		efd35243-3718-4044-9601-1b10d62caafd	Douglas	Munene
68	argon2$argon2id$v=19$m=102400,t=2,p=8$enNTN2U0Qnhnd1cxRGhzUnZZeFVkZg$cUlT+rLT5HWzlKffPOh/+5IJIORL9PHwUlKInrYdmhQ	\N	f	iakev2		f	t	2023-07-12 15:07:18.151447+00		c58ac051-4c56-42c3-aa12-84771aa3a8aa	Kevin	Kirimi
1	argon2$argon2id$v=19$m=102400,t=2,p=8$ajlnOEo2SEhaTlJrS3VBRERVOEdpeA$GtwmYBorqmSKS48A4y06zQVNnQ7cDcZWvW1ez7P6KxA	2023-07-19 13:29:52.223597+00	t	iakev	kirimikmwongera@gmail.com	t	t	2023-07-08 11:54:28.497758+00		efd35243-3718-4044-9601-1b10d62caafd		
\.


--
-- Data for Name: users_user_groups; Type: TABLE DATA; Schema: public; Owner: iakev_general
--

COPY public.users_user_groups (id, user_id, group_id) FROM stdin;
\.


--
-- Data for Name: users_user_user_permissions; Type: TABLE DATA; Schema: public; Owner: iakev_general
--

COPY public.users_user_user_permissions (id, user_id, permission_id) FROM stdin;
\.


--
-- Name: account_emailaddress_id_seq; Type: SEQUENCE SET; Schema: public; Owner: iakev_general
--

SELECT pg_catalog.setval('public.account_emailaddress_id_seq', 1, true);


--
-- Name: account_emailconfirmation_id_seq; Type: SEQUENCE SET; Schema: public; Owner: iakev_general
--

SELECT pg_catalog.setval('public.account_emailconfirmation_id_seq', 1, false);


--
-- Name: administration_business_id_seq; Type: SEQUENCE SET; Schema: public; Owner: iakev_general
--

SELECT pg_catalog.setval('public.administration_business_id_seq', 43, true);


--
-- Name: administration_employee_id_seq; Type: SEQUENCE SET; Schema: public; Owner: iakev_general
--

SELECT pg_catalog.setval('public.administration_employee_id_seq', 1, true);


--
-- Name: administration_supplier_id_seq; Type: SEQUENCE SET; Schema: public; Owner: iakev_general
--

SELECT pg_catalog.setval('public.administration_supplier_id_seq', 1, false);


--
-- Name: auth_group_id_seq; Type: SEQUENCE SET; Schema: public; Owner: iakev_general
--

SELECT pg_catalog.setval('public.auth_group_id_seq', 1, false);


--
-- Name: auth_group_permissions_id_seq; Type: SEQUENCE SET; Schema: public; Owner: iakev_general
--

SELECT pg_catalog.setval('public.auth_group_permissions_id_seq', 1, false);


--
-- Name: auth_permission_id_seq; Type: SEQUENCE SET; Schema: public; Owner: iakev_general
--

SELECT pg_catalog.setval('public.auth_permission_id_seq', 173, true);


--
-- Name: django_admin_log_id_seq; Type: SEQUENCE SET; Schema: public; Owner: iakev_general
--

SELECT pg_catalog.setval('public.django_admin_log_id_seq', 164, true);


--
-- Name: django_celery_beat_clockedschedule_id_seq; Type: SEQUENCE SET; Schema: public; Owner: iakev_general
--

SELECT pg_catalog.setval('public.django_celery_beat_clockedschedule_id_seq', 1, false);


--
-- Name: django_celery_beat_crontabschedule_id_seq; Type: SEQUENCE SET; Schema: public; Owner: iakev_general
--

SELECT pg_catalog.setval('public.django_celery_beat_crontabschedule_id_seq', 1, false);


--
-- Name: django_celery_beat_intervalschedule_id_seq; Type: SEQUENCE SET; Schema: public; Owner: iakev_general
--

SELECT pg_catalog.setval('public.django_celery_beat_intervalschedule_id_seq', 1, false);


--
-- Name: django_celery_beat_periodictask_id_seq; Type: SEQUENCE SET; Schema: public; Owner: iakev_general
--

SELECT pg_catalog.setval('public.django_celery_beat_periodictask_id_seq', 1, false);


--
-- Name: django_celery_beat_solarschedule_id_seq; Type: SEQUENCE SET; Schema: public; Owner: iakev_general
--

SELECT pg_catalog.setval('public.django_celery_beat_solarschedule_id_seq', 1, false);


--
-- Name: django_content_type_id_seq; Type: SEQUENCE SET; Schema: public; Owner: iakev_general
--

SELECT pg_catalog.setval('public.django_content_type_id_seq', 68, true);


--
-- Name: django_migrations_id_seq; Type: SEQUENCE SET; Schema: public; Owner: iakev_general
--

SELECT pg_catalog.setval('public.django_migrations_id_seq', 121, true);


--
-- Name: django_site_id_seq; Type: SEQUENCE SET; Schema: public; Owner: iakev_general
--

SELECT pg_catalog.setval('public.django_site_id_seq', 2, false);


--
-- Name: products_category_id_seq; Type: SEQUENCE SET; Schema: public; Owner: iakev_general
--

SELECT pg_catalog.setval('public.products_category_id_seq', 2, true);


--
-- Name: products_product_id_seq; Type: SEQUENCE SET; Schema: public; Owner: iakev_general
--

SELECT pg_catalog.setval('public.products_product_id_seq', 34, true);


--
-- Name: products_supplierproduct_id_seq; Type: SEQUENCE SET; Schema: public; Owner: iakev_general
--

SELECT pg_catalog.setval('public.products_supplierproduct_id_seq', 1, false);


--
-- Name: sales_customer_id_seq; Type: SEQUENCE SET; Schema: public; Owner: iakev_general
--

SELECT pg_catalog.setval('public.sales_customer_id_seq', 1, true);


--
-- Name: sales_paymentmode_id_seq; Type: SEQUENCE SET; Schema: public; Owner: iakev_general
--

SELECT pg_catalog.setval('public.sales_paymentmode_id_seq', 83, true);


--
-- Name: sales_productsales_id_seq; Type: SEQUENCE SET; Schema: public; Owner: iakev_general
--

SELECT pg_catalog.setval('public.sales_productsales_id_seq', 20, true);


--
-- Name: sales_sales_id_seq; Type: SEQUENCE SET; Schema: public; Owner: iakev_general
--

SELECT pg_catalog.setval('public.sales_sales_id_seq', 82, true);


--
-- Name: socialaccount_socialaccount_id_seq; Type: SEQUENCE SET; Schema: public; Owner: iakev_general
--

SELECT pg_catalog.setval('public.socialaccount_socialaccount_id_seq', 1, false);


--
-- Name: socialaccount_socialapp_id_seq; Type: SEQUENCE SET; Schema: public; Owner: iakev_general
--

SELECT pg_catalog.setval('public.socialaccount_socialapp_id_seq', 1, false);


--
-- Name: socialaccount_socialapp_sites_id_seq; Type: SEQUENCE SET; Schema: public; Owner: iakev_general
--

SELECT pg_catalog.setval('public.socialaccount_socialapp_sites_id_seq', 1, false);


--
-- Name: socialaccount_socialtoken_id_seq; Type: SEQUENCE SET; Schema: public; Owner: iakev_general
--

SELECT pg_catalog.setval('public.socialaccount_socialtoken_id_seq', 1, false);


--
-- Name: users_user_groups_id_seq; Type: SEQUENCE SET; Schema: public; Owner: iakev_general
--

SELECT pg_catalog.setval('public.users_user_groups_id_seq', 1, false);


--
-- Name: users_user_id_seq; Type: SEQUENCE SET; Schema: public; Owner: iakev_general
--

SELECT pg_catalog.setval('public.users_user_id_seq', 68, true);


--
-- Name: users_user_user_permissions_id_seq; Type: SEQUENCE SET; Schema: public; Owner: iakev_general
--

SELECT pg_catalog.setval('public.users_user_user_permissions_id_seq', 1, false);


--
-- Name: account_emailaddress account_emailaddress_email_key; Type: CONSTRAINT; Schema: public; Owner: iakev_general
--

ALTER TABLE ONLY public.account_emailaddress
    ADD CONSTRAINT account_emailaddress_email_key UNIQUE (email);


--
-- Name: account_emailaddress account_emailaddress_pkey; Type: CONSTRAINT; Schema: public; Owner: iakev_general
--

ALTER TABLE ONLY public.account_emailaddress
    ADD CONSTRAINT account_emailaddress_pkey PRIMARY KEY (id);


--
-- Name: account_emailconfirmation account_emailconfirmation_key_key; Type: CONSTRAINT; Schema: public; Owner: iakev_general
--

ALTER TABLE ONLY public.account_emailconfirmation
    ADD CONSTRAINT account_emailconfirmation_key_key UNIQUE (key);


--
-- Name: account_emailconfirmation account_emailconfirmation_pkey; Type: CONSTRAINT; Schema: public; Owner: iakev_general
--

ALTER TABLE ONLY public.account_emailconfirmation
    ADD CONSTRAINT account_emailconfirmation_pkey PRIMARY KEY (id);


--
-- Name: administration_business administration_business_owner_id_key; Type: CONSTRAINT; Schema: public; Owner: iakev_general
--

ALTER TABLE ONLY public.administration_business
    ADD CONSTRAINT administration_business_owner_id_key UNIQUE (owner_id);


--
-- Name: administration_business administration_business_pkey; Type: CONSTRAINT; Schema: public; Owner: iakev_general
--

ALTER TABLE ONLY public.administration_business
    ADD CONSTRAINT administration_business_pkey PRIMARY KEY (id);


--
-- Name: administration_employee administration_employee_pkey; Type: CONSTRAINT; Schema: public; Owner: iakev_general
--

ALTER TABLE ONLY public.administration_employee
    ADD CONSTRAINT administration_employee_pkey PRIMARY KEY (id);


--
-- Name: administration_employee administration_employee_user_id_key; Type: CONSTRAINT; Schema: public; Owner: iakev_general
--

ALTER TABLE ONLY public.administration_employee
    ADD CONSTRAINT administration_employee_user_id_key UNIQUE (user_id);


--
-- Name: administration_supplier administration_supplier_pkey; Type: CONSTRAINT; Schema: public; Owner: iakev_general
--

ALTER TABLE ONLY public.administration_supplier
    ADD CONSTRAINT administration_supplier_pkey PRIMARY KEY (id);


--
-- Name: auth_group auth_group_name_key; Type: CONSTRAINT; Schema: public; Owner: iakev_general
--

ALTER TABLE ONLY public.auth_group
    ADD CONSTRAINT auth_group_name_key UNIQUE (name);


--
-- Name: auth_group_permissions auth_group_permissions_group_id_permission_id_0cd325b0_uniq; Type: CONSTRAINT; Schema: public; Owner: iakev_general
--

ALTER TABLE ONLY public.auth_group_permissions
    ADD CONSTRAINT auth_group_permissions_group_id_permission_id_0cd325b0_uniq UNIQUE (group_id, permission_id);


--
-- Name: auth_group_permissions auth_group_permissions_pkey; Type: CONSTRAINT; Schema: public; Owner: iakev_general
--

ALTER TABLE ONLY public.auth_group_permissions
    ADD CONSTRAINT auth_group_permissions_pkey PRIMARY KEY (id);


--
-- Name: auth_group auth_group_pkey; Type: CONSTRAINT; Schema: public; Owner: iakev_general
--

ALTER TABLE ONLY public.auth_group
    ADD CONSTRAINT auth_group_pkey PRIMARY KEY (id);


--
-- Name: auth_permission auth_permission_content_type_id_codename_01ab375a_uniq; Type: CONSTRAINT; Schema: public; Owner: iakev_general
--

ALTER TABLE ONLY public.auth_permission
    ADD CONSTRAINT auth_permission_content_type_id_codename_01ab375a_uniq UNIQUE (content_type_id, codename);


--
-- Name: auth_permission auth_permission_pkey; Type: CONSTRAINT; Schema: public; Owner: iakev_general
--

ALTER TABLE ONLY public.auth_permission
    ADD CONSTRAINT auth_permission_pkey PRIMARY KEY (id);


--
-- Name: authtoken_token authtoken_token_pkey; Type: CONSTRAINT; Schema: public; Owner: iakev_general
--

ALTER TABLE ONLY public.authtoken_token
    ADD CONSTRAINT authtoken_token_pkey PRIMARY KEY (key);


--
-- Name: authtoken_token authtoken_token_user_id_key; Type: CONSTRAINT; Schema: public; Owner: iakev_general
--

ALTER TABLE ONLY public.authtoken_token
    ADD CONSTRAINT authtoken_token_user_id_key UNIQUE (user_id);


--
-- Name: django_admin_log django_admin_log_pkey; Type: CONSTRAINT; Schema: public; Owner: iakev_general
--

ALTER TABLE ONLY public.django_admin_log
    ADD CONSTRAINT django_admin_log_pkey PRIMARY KEY (id);


--
-- Name: django_celery_beat_clockedschedule django_celery_beat_clockedschedule_pkey; Type: CONSTRAINT; Schema: public; Owner: iakev_general
--

ALTER TABLE ONLY public.django_celery_beat_clockedschedule
    ADD CONSTRAINT django_celery_beat_clockedschedule_pkey PRIMARY KEY (id);


--
-- Name: django_celery_beat_crontabschedule django_celery_beat_crontabschedule_pkey; Type: CONSTRAINT; Schema: public; Owner: iakev_general
--

ALTER TABLE ONLY public.django_celery_beat_crontabschedule
    ADD CONSTRAINT django_celery_beat_crontabschedule_pkey PRIMARY KEY (id);


--
-- Name: django_celery_beat_intervalschedule django_celery_beat_intervalschedule_pkey; Type: CONSTRAINT; Schema: public; Owner: iakev_general
--

ALTER TABLE ONLY public.django_celery_beat_intervalschedule
    ADD CONSTRAINT django_celery_beat_intervalschedule_pkey PRIMARY KEY (id);


--
-- Name: django_celery_beat_periodictask django_celery_beat_periodictask_name_key; Type: CONSTRAINT; Schema: public; Owner: iakev_general
--

ALTER TABLE ONLY public.django_celery_beat_periodictask
    ADD CONSTRAINT django_celery_beat_periodictask_name_key UNIQUE (name);


--
-- Name: django_celery_beat_periodictask django_celery_beat_periodictask_pkey; Type: CONSTRAINT; Schema: public; Owner: iakev_general
--

ALTER TABLE ONLY public.django_celery_beat_periodictask
    ADD CONSTRAINT django_celery_beat_periodictask_pkey PRIMARY KEY (id);


--
-- Name: django_celery_beat_periodictasks django_celery_beat_periodictasks_pkey; Type: CONSTRAINT; Schema: public; Owner: iakev_general
--

ALTER TABLE ONLY public.django_celery_beat_periodictasks
    ADD CONSTRAINT django_celery_beat_periodictasks_pkey PRIMARY KEY (ident);


--
-- Name: django_celery_beat_solarschedule django_celery_beat_solar_event_latitude_longitude_ba64999a_uniq; Type: CONSTRAINT; Schema: public; Owner: iakev_general
--

ALTER TABLE ONLY public.django_celery_beat_solarschedule
    ADD CONSTRAINT django_celery_beat_solar_event_latitude_longitude_ba64999a_uniq UNIQUE (event, latitude, longitude);


--
-- Name: django_celery_beat_solarschedule django_celery_beat_solarschedule_pkey; Type: CONSTRAINT; Schema: public; Owner: iakev_general
--

ALTER TABLE ONLY public.django_celery_beat_solarschedule
    ADD CONSTRAINT django_celery_beat_solarschedule_pkey PRIMARY KEY (id);


--
-- Name: django_content_type django_content_type_app_label_model_76bd3d3b_uniq; Type: CONSTRAINT; Schema: public; Owner: iakev_general
--

ALTER TABLE ONLY public.django_content_type
    ADD CONSTRAINT django_content_type_app_label_model_76bd3d3b_uniq UNIQUE (app_label, model);


--
-- Name: django_content_type django_content_type_pkey; Type: CONSTRAINT; Schema: public; Owner: iakev_general
--

ALTER TABLE ONLY public.django_content_type
    ADD CONSTRAINT django_content_type_pkey PRIMARY KEY (id);


--
-- Name: django_migrations django_migrations_pkey; Type: CONSTRAINT; Schema: public; Owner: iakev_general
--

ALTER TABLE ONLY public.django_migrations
    ADD CONSTRAINT django_migrations_pkey PRIMARY KEY (id);


--
-- Name: django_session django_session_pkey; Type: CONSTRAINT; Schema: public; Owner: iakev_general
--

ALTER TABLE ONLY public.django_session
    ADD CONSTRAINT django_session_pkey PRIMARY KEY (session_key);


--
-- Name: django_site django_site_domain_a2e37b91_uniq; Type: CONSTRAINT; Schema: public; Owner: iakev_general
--

ALTER TABLE ONLY public.django_site
    ADD CONSTRAINT django_site_domain_a2e37b91_uniq UNIQUE (domain);


--
-- Name: django_site django_site_pkey; Type: CONSTRAINT; Schema: public; Owner: iakev_general
--

ALTER TABLE ONLY public.django_site
    ADD CONSTRAINT django_site_pkey PRIMARY KEY (id);


--
-- Name: products_category products_category_pkey; Type: CONSTRAINT; Schema: public; Owner: iakev_general
--

ALTER TABLE ONLY public.products_category
    ADD CONSTRAINT products_category_pkey PRIMARY KEY (id);


--
-- Name: products_product products_product_pkey; Type: CONSTRAINT; Schema: public; Owner: iakev_general
--

ALTER TABLE ONLY public.products_product
    ADD CONSTRAINT products_product_pkey PRIMARY KEY (id);


--
-- Name: products_stock products_stock_pkey; Type: CONSTRAINT; Schema: public; Owner: iakev_general
--

ALTER TABLE ONLY public.products_stock
    ADD CONSTRAINT products_stock_pkey PRIMARY KEY (product_id_id);


--
-- Name: products_supplierproduct products_supplierproduct_pkey; Type: CONSTRAINT; Schema: public; Owner: iakev_general
--

ALTER TABLE ONLY public.products_supplierproduct
    ADD CONSTRAINT products_supplierproduct_pkey PRIMARY KEY (id);


--
-- Name: sales_customer sales_customer_pkey; Type: CONSTRAINT; Schema: public; Owner: iakev_general
--

ALTER TABLE ONLY public.sales_customer
    ADD CONSTRAINT sales_customer_pkey PRIMARY KEY (id);


--
-- Name: sales_paymentmode sales_paymentmode_pkey; Type: CONSTRAINT; Schema: public; Owner: iakev_general
--

ALTER TABLE ONLY public.sales_paymentmode
    ADD CONSTRAINT sales_paymentmode_pkey PRIMARY KEY (id);


--
-- Name: sales_productsales sales_productsales_pkey; Type: CONSTRAINT; Schema: public; Owner: iakev_general
--

ALTER TABLE ONLY public.sales_productsales
    ADD CONSTRAINT sales_productsales_pkey PRIMARY KEY (id);


--
-- Name: sales_sales sales_sales_business_id_id_key; Type: CONSTRAINT; Schema: public; Owner: iakev_general
--

ALTER TABLE ONLY public.sales_sales
    ADD CONSTRAINT sales_sales_business_id_id_key UNIQUE (business_id_id);


--
-- Name: sales_sales sales_sales_pkey; Type: CONSTRAINT; Schema: public; Owner: iakev_general
--

ALTER TABLE ONLY public.sales_sales
    ADD CONSTRAINT sales_sales_pkey PRIMARY KEY (id);


--
-- Name: socialaccount_socialaccount socialaccount_socialaccount_pkey; Type: CONSTRAINT; Schema: public; Owner: iakev_general
--

ALTER TABLE ONLY public.socialaccount_socialaccount
    ADD CONSTRAINT socialaccount_socialaccount_pkey PRIMARY KEY (id);


--
-- Name: socialaccount_socialaccount socialaccount_socialaccount_provider_uid_fc810c6e_uniq; Type: CONSTRAINT; Schema: public; Owner: iakev_general
--

ALTER TABLE ONLY public.socialaccount_socialaccount
    ADD CONSTRAINT socialaccount_socialaccount_provider_uid_fc810c6e_uniq UNIQUE (provider, uid);


--
-- Name: socialaccount_socialapp_sites socialaccount_socialapp__socialapp_id_site_id_71a9a768_uniq; Type: CONSTRAINT; Schema: public; Owner: iakev_general
--

ALTER TABLE ONLY public.socialaccount_socialapp_sites
    ADD CONSTRAINT socialaccount_socialapp__socialapp_id_site_id_71a9a768_uniq UNIQUE (socialapp_id, site_id);


--
-- Name: socialaccount_socialapp socialaccount_socialapp_pkey; Type: CONSTRAINT; Schema: public; Owner: iakev_general
--

ALTER TABLE ONLY public.socialaccount_socialapp
    ADD CONSTRAINT socialaccount_socialapp_pkey PRIMARY KEY (id);


--
-- Name: socialaccount_socialapp_sites socialaccount_socialapp_sites_pkey; Type: CONSTRAINT; Schema: public; Owner: iakev_general
--

ALTER TABLE ONLY public.socialaccount_socialapp_sites
    ADD CONSTRAINT socialaccount_socialapp_sites_pkey PRIMARY KEY (id);


--
-- Name: socialaccount_socialtoken socialaccount_socialtoken_app_id_account_id_fca4e0ac_uniq; Type: CONSTRAINT; Schema: public; Owner: iakev_general
--

ALTER TABLE ONLY public.socialaccount_socialtoken
    ADD CONSTRAINT socialaccount_socialtoken_app_id_account_id_fca4e0ac_uniq UNIQUE (app_id, account_id);


--
-- Name: socialaccount_socialtoken socialaccount_socialtoken_pkey; Type: CONSTRAINT; Schema: public; Owner: iakev_general
--

ALTER TABLE ONLY public.socialaccount_socialtoken
    ADD CONSTRAINT socialaccount_socialtoken_pkey PRIMARY KEY (id);


--
-- Name: users_user_groups users_user_groups_pkey; Type: CONSTRAINT; Schema: public; Owner: iakev_general
--

ALTER TABLE ONLY public.users_user_groups
    ADD CONSTRAINT users_user_groups_pkey PRIMARY KEY (id);


--
-- Name: users_user_groups users_user_groups_user_id_group_id_b88eab82_uniq; Type: CONSTRAINT; Schema: public; Owner: iakev_general
--

ALTER TABLE ONLY public.users_user_groups
    ADD CONSTRAINT users_user_groups_user_id_group_id_b88eab82_uniq UNIQUE (user_id, group_id);


--
-- Name: users_user users_user_pkey; Type: CONSTRAINT; Schema: public; Owner: iakev_general
--

ALTER TABLE ONLY public.users_user
    ADD CONSTRAINT users_user_pkey PRIMARY KEY (id);


--
-- Name: users_user_user_permissions users_user_user_permissions_pkey; Type: CONSTRAINT; Schema: public; Owner: iakev_general
--

ALTER TABLE ONLY public.users_user_user_permissions
    ADD CONSTRAINT users_user_user_permissions_pkey PRIMARY KEY (id);


--
-- Name: users_user_user_permissions users_user_user_permissions_user_id_permission_id_43338c45_uniq; Type: CONSTRAINT; Schema: public; Owner: iakev_general
--

ALTER TABLE ONLY public.users_user_user_permissions
    ADD CONSTRAINT users_user_user_permissions_user_id_permission_id_43338c45_uniq UNIQUE (user_id, permission_id);


--
-- Name: users_user users_user_username_key; Type: CONSTRAINT; Schema: public; Owner: iakev_general
--

ALTER TABLE ONLY public.users_user
    ADD CONSTRAINT users_user_username_key UNIQUE (username);


--
-- Name: account_emailaddress_email_03be32b2_like; Type: INDEX; Schema: public; Owner: iakev_general
--

CREATE INDEX account_emailaddress_email_03be32b2_like ON public.account_emailaddress USING btree (email varchar_pattern_ops);


--
-- Name: account_emailaddress_user_id_2c513194; Type: INDEX; Schema: public; Owner: iakev_general
--

CREATE INDEX account_emailaddress_user_id_2c513194 ON public.account_emailaddress USING btree (user_id);


--
-- Name: account_emailconfirmation_email_address_id_5b7f8c58; Type: INDEX; Schema: public; Owner: iakev_general
--

CREATE INDEX account_emailconfirmation_email_address_id_5b7f8c58 ON public.account_emailconfirmation USING btree (email_address_id);


--
-- Name: account_emailconfirmation_key_f43612bd_like; Type: INDEX; Schema: public; Owner: iakev_general
--

CREATE INDEX account_emailconfirmation_key_f43612bd_like ON public.account_emailconfirmation USING btree (key varchar_pattern_ops);


--
-- Name: administration_business_uuid_68df5cd2; Type: INDEX; Schema: public; Owner: iakev_general
--

CREATE INDEX administration_business_uuid_68df5cd2 ON public.administration_business USING btree (uuid);


--
-- Name: administration_employee_uuid_1da82da1; Type: INDEX; Schema: public; Owner: iakev_general
--

CREATE INDEX administration_employee_uuid_1da82da1 ON public.administration_employee USING btree (uuid);


--
-- Name: administration_supplier_uuid_11f04e53; Type: INDEX; Schema: public; Owner: iakev_general
--

CREATE INDEX administration_supplier_uuid_11f04e53 ON public.administration_supplier USING btree (uuid);


--
-- Name: auth_group_name_a6ea08ec_like; Type: INDEX; Schema: public; Owner: iakev_general
--

CREATE INDEX auth_group_name_a6ea08ec_like ON public.auth_group USING btree (name varchar_pattern_ops);


--
-- Name: auth_group_permissions_group_id_b120cbf9; Type: INDEX; Schema: public; Owner: iakev_general
--

CREATE INDEX auth_group_permissions_group_id_b120cbf9 ON public.auth_group_permissions USING btree (group_id);


--
-- Name: auth_group_permissions_permission_id_84c5c92e; Type: INDEX; Schema: public; Owner: iakev_general
--

CREATE INDEX auth_group_permissions_permission_id_84c5c92e ON public.auth_group_permissions USING btree (permission_id);


--
-- Name: auth_permission_content_type_id_2f476e4b; Type: INDEX; Schema: public; Owner: iakev_general
--

CREATE INDEX auth_permission_content_type_id_2f476e4b ON public.auth_permission USING btree (content_type_id);


--
-- Name: authtoken_token_key_10f0b77e_like; Type: INDEX; Schema: public; Owner: iakev_general
--

CREATE INDEX authtoken_token_key_10f0b77e_like ON public.authtoken_token USING btree (key varchar_pattern_ops);


--
-- Name: django_admin_log_content_type_id_c4bce8eb; Type: INDEX; Schema: public; Owner: iakev_general
--

CREATE INDEX django_admin_log_content_type_id_c4bce8eb ON public.django_admin_log USING btree (content_type_id);


--
-- Name: django_admin_log_user_id_c564eba6; Type: INDEX; Schema: public; Owner: iakev_general
--

CREATE INDEX django_admin_log_user_id_c564eba6 ON public.django_admin_log USING btree (user_id);


--
-- Name: django_celery_beat_periodictask_clocked_id_47a69f82; Type: INDEX; Schema: public; Owner: iakev_general
--

CREATE INDEX django_celery_beat_periodictask_clocked_id_47a69f82 ON public.django_celery_beat_periodictask USING btree (clocked_id);


--
-- Name: django_celery_beat_periodictask_crontab_id_d3cba168; Type: INDEX; Schema: public; Owner: iakev_general
--

CREATE INDEX django_celery_beat_periodictask_crontab_id_d3cba168 ON public.django_celery_beat_periodictask USING btree (crontab_id);


--
-- Name: django_celery_beat_periodictask_interval_id_a8ca27da; Type: INDEX; Schema: public; Owner: iakev_general
--

CREATE INDEX django_celery_beat_periodictask_interval_id_a8ca27da ON public.django_celery_beat_periodictask USING btree (interval_id);


--
-- Name: django_celery_beat_periodictask_name_265a36b7_like; Type: INDEX; Schema: public; Owner: iakev_general
--

CREATE INDEX django_celery_beat_periodictask_name_265a36b7_like ON public.django_celery_beat_periodictask USING btree (name varchar_pattern_ops);


--
-- Name: django_celery_beat_periodictask_solar_id_a87ce72c; Type: INDEX; Schema: public; Owner: iakev_general
--

CREATE INDEX django_celery_beat_periodictask_solar_id_a87ce72c ON public.django_celery_beat_periodictask USING btree (solar_id);


--
-- Name: django_session_expire_date_a5c62663; Type: INDEX; Schema: public; Owner: iakev_general
--

CREATE INDEX django_session_expire_date_a5c62663 ON public.django_session USING btree (expire_date);


--
-- Name: django_session_session_key_c0390e0f_like; Type: INDEX; Schema: public; Owner: iakev_general
--

CREATE INDEX django_session_session_key_c0390e0f_like ON public.django_session USING btree (session_key varchar_pattern_ops);


--
-- Name: django_site_domain_a2e37b91_like; Type: INDEX; Schema: public; Owner: iakev_general
--

CREATE INDEX django_site_domain_a2e37b91_like ON public.django_site USING btree (domain varchar_pattern_ops);


--
-- Name: products_category_uuid_32b27349; Type: INDEX; Schema: public; Owner: iakev_general
--

CREATE INDEX products_category_uuid_32b27349 ON public.products_category USING btree (uuid);


--
-- Name: products_product_category_id_9b594869; Type: INDEX; Schema: public; Owner: iakev_general
--

CREATE INDEX products_product_category_id_9b594869 ON public.products_product USING btree (category_id);


--
-- Name: products_product_uuid_b76b51dc; Type: INDEX; Schema: public; Owner: iakev_general
--

CREATE INDEX products_product_uuid_b76b51dc ON public.products_product USING btree (uuid);


--
-- Name: products_stock_uuid_f1723796; Type: INDEX; Schema: public; Owner: iakev_general
--

CREATE INDEX products_stock_uuid_f1723796 ON public.products_stock USING btree (uuid);


--
-- Name: products_supplierproduct_product_id_112ad97a; Type: INDEX; Schema: public; Owner: iakev_general
--

CREATE INDEX products_supplierproduct_product_id_112ad97a ON public.products_supplierproduct USING btree (product_id);


--
-- Name: products_supplierproduct_supplier_id_f750ddb7; Type: INDEX; Schema: public; Owner: iakev_general
--

CREATE INDEX products_supplierproduct_supplier_id_f750ddb7 ON public.products_supplierproduct USING btree (supplier_id);


--
-- Name: sales_customer_uuid_0e0505a1; Type: INDEX; Schema: public; Owner: iakev_general
--

CREATE INDEX sales_customer_uuid_0e0505a1 ON public.sales_customer USING btree (uuid);


--
-- Name: sales_paymentmode_uuid_73ba71db; Type: INDEX; Schema: public; Owner: iakev_general
--

CREATE INDEX sales_paymentmode_uuid_73ba71db ON public.sales_paymentmode USING btree (uuid);


--
-- Name: sales_productsales_products_id_8a41e532; Type: INDEX; Schema: public; Owner: iakev_general
--

CREATE INDEX sales_productsales_products_id_8a41e532 ON public.sales_productsales USING btree (product_id);


--
-- Name: sales_productsales_sales_id_fa0e2d7e; Type: INDEX; Schema: public; Owner: iakev_general
--

CREATE INDEX sales_productsales_sales_id_fa0e2d7e ON public.sales_productsales USING btree (sale_id);


--
-- Name: sales_productsales_uuid_18a463d6; Type: INDEX; Schema: public; Owner: iakev_general
--

CREATE INDEX sales_productsales_uuid_18a463d6 ON public.sales_productsales USING btree (uuid);


--
-- Name: sales_sales_cashier_id_id_5975021d; Type: INDEX; Schema: public; Owner: iakev_general
--

CREATE INDEX sales_sales_cashier_id_id_5975021d ON public.sales_sales USING btree (cashier_id_id);


--
-- Name: sales_sales_customer_id_id_3d8bc2e1; Type: INDEX; Schema: public; Owner: iakev_general
--

CREATE INDEX sales_sales_customer_id_id_3d8bc2e1 ON public.sales_sales USING btree (customer_id_id);


--
-- Name: sales_sales_payment_id_id_fd391b68; Type: INDEX; Schema: public; Owner: iakev_general
--

CREATE INDEX sales_sales_payment_id_id_fd391b68 ON public.sales_sales USING btree (payment_id_id);


--
-- Name: sales_sales_uuid_b2b48d60; Type: INDEX; Schema: public; Owner: iakev_general
--

CREATE INDEX sales_sales_uuid_b2b48d60 ON public.sales_sales USING btree (uuid);


--
-- Name: socialaccount_socialaccount_user_id_8146e70c; Type: INDEX; Schema: public; Owner: iakev_general
--

CREATE INDEX socialaccount_socialaccount_user_id_8146e70c ON public.socialaccount_socialaccount USING btree (user_id);


--
-- Name: socialaccount_socialapp_sites_site_id_2579dee5; Type: INDEX; Schema: public; Owner: iakev_general
--

CREATE INDEX socialaccount_socialapp_sites_site_id_2579dee5 ON public.socialaccount_socialapp_sites USING btree (site_id);


--
-- Name: socialaccount_socialapp_sites_socialapp_id_97fb6e7d; Type: INDEX; Schema: public; Owner: iakev_general
--

CREATE INDEX socialaccount_socialapp_sites_socialapp_id_97fb6e7d ON public.socialaccount_socialapp_sites USING btree (socialapp_id);


--
-- Name: socialaccount_socialtoken_account_id_951f210e; Type: INDEX; Schema: public; Owner: iakev_general
--

CREATE INDEX socialaccount_socialtoken_account_id_951f210e ON public.socialaccount_socialtoken USING btree (account_id);


--
-- Name: socialaccount_socialtoken_app_id_636a42d7; Type: INDEX; Schema: public; Owner: iakev_general
--

CREATE INDEX socialaccount_socialtoken_app_id_636a42d7 ON public.socialaccount_socialtoken USING btree (app_id);


--
-- Name: users_user_groups_group_id_9afc8d0e; Type: INDEX; Schema: public; Owner: iakev_general
--

CREATE INDEX users_user_groups_group_id_9afc8d0e ON public.users_user_groups USING btree (group_id);


--
-- Name: users_user_groups_user_id_5f6f5a90; Type: INDEX; Schema: public; Owner: iakev_general
--

CREATE INDEX users_user_groups_user_id_5f6f5a90 ON public.users_user_groups USING btree (user_id);


--
-- Name: users_user_user_permissions_permission_id_0b93982e; Type: INDEX; Schema: public; Owner: iakev_general
--

CREATE INDEX users_user_user_permissions_permission_id_0b93982e ON public.users_user_user_permissions USING btree (permission_id);


--
-- Name: users_user_user_permissions_user_id_20aca447; Type: INDEX; Schema: public; Owner: iakev_general
--

CREATE INDEX users_user_user_permissions_user_id_20aca447 ON public.users_user_user_permissions USING btree (user_id);


--
-- Name: users_user_username_06e46fe6_like; Type: INDEX; Schema: public; Owner: iakev_general
--

CREATE INDEX users_user_username_06e46fe6_like ON public.users_user USING btree (username varchar_pattern_ops);


--
-- Name: users_user_uuid_6fe513d7; Type: INDEX; Schema: public; Owner: iakev_general
--

CREATE INDEX users_user_uuid_6fe513d7 ON public.users_user USING btree (uuid);


--
-- Name: account_emailaddress account_emailaddress_user_id_2c513194_fk_users_user_id; Type: FK CONSTRAINT; Schema: public; Owner: iakev_general
--

ALTER TABLE ONLY public.account_emailaddress
    ADD CONSTRAINT account_emailaddress_user_id_2c513194_fk_users_user_id FOREIGN KEY (user_id) REFERENCES public.users_user(id) DEFERRABLE INITIALLY DEFERRED;


--
-- Name: account_emailconfirmation account_emailconfirm_email_address_id_5b7f8c58_fk_account_e; Type: FK CONSTRAINT; Schema: public; Owner: iakev_general
--

ALTER TABLE ONLY public.account_emailconfirmation
    ADD CONSTRAINT account_emailconfirm_email_address_id_5b7f8c58_fk_account_e FOREIGN KEY (email_address_id) REFERENCES public.account_emailaddress(id) DEFERRABLE INITIALLY DEFERRED;


--
-- Name: administration_business administration_business_owner_id_0f2af2dc_fk_users_user_id; Type: FK CONSTRAINT; Schema: public; Owner: iakev_general
--

ALTER TABLE ONLY public.administration_business
    ADD CONSTRAINT administration_business_owner_id_0f2af2dc_fk_users_user_id FOREIGN KEY (owner_id) REFERENCES public.users_user(id) DEFERRABLE INITIALLY DEFERRED;


--
-- Name: administration_employee administration_employee_user_id_29c2912a_fk_users_user_id; Type: FK CONSTRAINT; Schema: public; Owner: iakev_general
--

ALTER TABLE ONLY public.administration_employee
    ADD CONSTRAINT administration_employee_user_id_29c2912a_fk_users_user_id FOREIGN KEY (user_id) REFERENCES public.users_user(id) DEFERRABLE INITIALLY DEFERRED;


--
-- Name: auth_group_permissions auth_group_permissio_permission_id_84c5c92e_fk_auth_perm; Type: FK CONSTRAINT; Schema: public; Owner: iakev_general
--

ALTER TABLE ONLY public.auth_group_permissions
    ADD CONSTRAINT auth_group_permissio_permission_id_84c5c92e_fk_auth_perm FOREIGN KEY (permission_id) REFERENCES public.auth_permission(id) DEFERRABLE INITIALLY DEFERRED;


--
-- Name: auth_group_permissions auth_group_permissions_group_id_b120cbf9_fk_auth_group_id; Type: FK CONSTRAINT; Schema: public; Owner: iakev_general
--

ALTER TABLE ONLY public.auth_group_permissions
    ADD CONSTRAINT auth_group_permissions_group_id_b120cbf9_fk_auth_group_id FOREIGN KEY (group_id) REFERENCES public.auth_group(id) DEFERRABLE INITIALLY DEFERRED;


--
-- Name: auth_permission auth_permission_content_type_id_2f476e4b_fk_django_co; Type: FK CONSTRAINT; Schema: public; Owner: iakev_general
--

ALTER TABLE ONLY public.auth_permission
    ADD CONSTRAINT auth_permission_content_type_id_2f476e4b_fk_django_co FOREIGN KEY (content_type_id) REFERENCES public.django_content_type(id) DEFERRABLE INITIALLY DEFERRED;


--
-- Name: authtoken_token authtoken_token_user_id_35299eff_fk_users_user_id; Type: FK CONSTRAINT; Schema: public; Owner: iakev_general
--

ALTER TABLE ONLY public.authtoken_token
    ADD CONSTRAINT authtoken_token_user_id_35299eff_fk_users_user_id FOREIGN KEY (user_id) REFERENCES public.users_user(id) DEFERRABLE INITIALLY DEFERRED;


--
-- Name: django_admin_log django_admin_log_content_type_id_c4bce8eb_fk_django_co; Type: FK CONSTRAINT; Schema: public; Owner: iakev_general
--

ALTER TABLE ONLY public.django_admin_log
    ADD CONSTRAINT django_admin_log_content_type_id_c4bce8eb_fk_django_co FOREIGN KEY (content_type_id) REFERENCES public.django_content_type(id) DEFERRABLE INITIALLY DEFERRED;


--
-- Name: django_admin_log django_admin_log_user_id_c564eba6_fk_users_user_id; Type: FK CONSTRAINT; Schema: public; Owner: iakev_general
--

ALTER TABLE ONLY public.django_admin_log
    ADD CONSTRAINT django_admin_log_user_id_c564eba6_fk_users_user_id FOREIGN KEY (user_id) REFERENCES public.users_user(id) DEFERRABLE INITIALLY DEFERRED;


--
-- Name: django_celery_beat_periodictask django_celery_beat_p_clocked_id_47a69f82_fk_django_ce; Type: FK CONSTRAINT; Schema: public; Owner: iakev_general
--

ALTER TABLE ONLY public.django_celery_beat_periodictask
    ADD CONSTRAINT django_celery_beat_p_clocked_id_47a69f82_fk_django_ce FOREIGN KEY (clocked_id) REFERENCES public.django_celery_beat_clockedschedule(id) DEFERRABLE INITIALLY DEFERRED;


--
-- Name: django_celery_beat_periodictask django_celery_beat_p_crontab_id_d3cba168_fk_django_ce; Type: FK CONSTRAINT; Schema: public; Owner: iakev_general
--

ALTER TABLE ONLY public.django_celery_beat_periodictask
    ADD CONSTRAINT django_celery_beat_p_crontab_id_d3cba168_fk_django_ce FOREIGN KEY (crontab_id) REFERENCES public.django_celery_beat_crontabschedule(id) DEFERRABLE INITIALLY DEFERRED;


--
-- Name: django_celery_beat_periodictask django_celery_beat_p_interval_id_a8ca27da_fk_django_ce; Type: FK CONSTRAINT; Schema: public; Owner: iakev_general
--

ALTER TABLE ONLY public.django_celery_beat_periodictask
    ADD CONSTRAINT django_celery_beat_p_interval_id_a8ca27da_fk_django_ce FOREIGN KEY (interval_id) REFERENCES public.django_celery_beat_intervalschedule(id) DEFERRABLE INITIALLY DEFERRED;


--
-- Name: django_celery_beat_periodictask django_celery_beat_p_solar_id_a87ce72c_fk_django_ce; Type: FK CONSTRAINT; Schema: public; Owner: iakev_general
--

ALTER TABLE ONLY public.django_celery_beat_periodictask
    ADD CONSTRAINT django_celery_beat_p_solar_id_a87ce72c_fk_django_ce FOREIGN KEY (solar_id) REFERENCES public.django_celery_beat_solarschedule(id) DEFERRABLE INITIALLY DEFERRED;


--
-- Name: products_product products_product_category_id_9b594869_fk_products_category_id; Type: FK CONSTRAINT; Schema: public; Owner: iakev_general
--

ALTER TABLE ONLY public.products_product
    ADD CONSTRAINT products_product_category_id_9b594869_fk_products_category_id FOREIGN KEY (category_id) REFERENCES public.products_category(id) DEFERRABLE INITIALLY DEFERRED;


--
-- Name: products_stock products_stock_product_id_id_560d7b12_fk_products_product_id; Type: FK CONSTRAINT; Schema: public; Owner: iakev_general
--

ALTER TABLE ONLY public.products_stock
    ADD CONSTRAINT products_stock_product_id_id_560d7b12_fk_products_product_id FOREIGN KEY (product_id_id) REFERENCES public.products_product(id) DEFERRABLE INITIALLY DEFERRED;


--
-- Name: products_supplierproduct products_supplierpro_product_id_112ad97a_fk_products_; Type: FK CONSTRAINT; Schema: public; Owner: iakev_general
--

ALTER TABLE ONLY public.products_supplierproduct
    ADD CONSTRAINT products_supplierpro_product_id_112ad97a_fk_products_ FOREIGN KEY (product_id) REFERENCES public.products_product(id) DEFERRABLE INITIALLY DEFERRED;


--
-- Name: products_supplierproduct products_supplierpro_supplier_id_f750ddb7_fk_administr; Type: FK CONSTRAINT; Schema: public; Owner: iakev_general
--

ALTER TABLE ONLY public.products_supplierproduct
    ADD CONSTRAINT products_supplierpro_supplier_id_f750ddb7_fk_administr FOREIGN KEY (supplier_id) REFERENCES public.administration_supplier(id) DEFERRABLE INITIALLY DEFERRED;


--
-- Name: sales_productsales sales_productsales_product_id_6982288e_fk_products_product_id; Type: FK CONSTRAINT; Schema: public; Owner: iakev_general
--

ALTER TABLE ONLY public.sales_productsales
    ADD CONSTRAINT sales_productsales_product_id_6982288e_fk_products_product_id FOREIGN KEY (product_id) REFERENCES public.products_product(id) DEFERRABLE INITIALLY DEFERRED;


--
-- Name: sales_productsales sales_productsales_sale_id_4c9211fb_fk_sales_sales_id; Type: FK CONSTRAINT; Schema: public; Owner: iakev_general
--

ALTER TABLE ONLY public.sales_productsales
    ADD CONSTRAINT sales_productsales_sale_id_4c9211fb_fk_sales_sales_id FOREIGN KEY (sale_id) REFERENCES public.sales_sales(id) DEFERRABLE INITIALLY DEFERRED;


--
-- Name: sales_sales sales_sales_business_id_id_156518ee_fk_administr; Type: FK CONSTRAINT; Schema: public; Owner: iakev_general
--

ALTER TABLE ONLY public.sales_sales
    ADD CONSTRAINT sales_sales_business_id_id_156518ee_fk_administr FOREIGN KEY (business_id_id) REFERENCES public.administration_business(id) DEFERRABLE INITIALLY DEFERRED;


--
-- Name: sales_sales sales_sales_cashier_id_id_5975021d_fk_administr; Type: FK CONSTRAINT; Schema: public; Owner: iakev_general
--

ALTER TABLE ONLY public.sales_sales
    ADD CONSTRAINT sales_sales_cashier_id_id_5975021d_fk_administr FOREIGN KEY (cashier_id_id) REFERENCES public.administration_employee(id) DEFERRABLE INITIALLY DEFERRED;


--
-- Name: sales_sales sales_sales_customer_id_id_3d8bc2e1_fk_sales_customer_id; Type: FK CONSTRAINT; Schema: public; Owner: iakev_general
--

ALTER TABLE ONLY public.sales_sales
    ADD CONSTRAINT sales_sales_customer_id_id_3d8bc2e1_fk_sales_customer_id FOREIGN KEY (customer_id_id) REFERENCES public.sales_customer(id) DEFERRABLE INITIALLY DEFERRED;


--
-- Name: sales_sales sales_sales_payment_id_id_fd391b68_fk_sales_paymentmode_id; Type: FK CONSTRAINT; Schema: public; Owner: iakev_general
--

ALTER TABLE ONLY public.sales_sales
    ADD CONSTRAINT sales_sales_payment_id_id_fd391b68_fk_sales_paymentmode_id FOREIGN KEY (payment_id_id) REFERENCES public.sales_paymentmode(id) DEFERRABLE INITIALLY DEFERRED;


--
-- Name: socialaccount_socialtoken socialaccount_social_account_id_951f210e_fk_socialacc; Type: FK CONSTRAINT; Schema: public; Owner: iakev_general
--

ALTER TABLE ONLY public.socialaccount_socialtoken
    ADD CONSTRAINT socialaccount_social_account_id_951f210e_fk_socialacc FOREIGN KEY (account_id) REFERENCES public.socialaccount_socialaccount(id) DEFERRABLE INITIALLY DEFERRED;


--
-- Name: socialaccount_socialtoken socialaccount_social_app_id_636a42d7_fk_socialacc; Type: FK CONSTRAINT; Schema: public; Owner: iakev_general
--

ALTER TABLE ONLY public.socialaccount_socialtoken
    ADD CONSTRAINT socialaccount_social_app_id_636a42d7_fk_socialacc FOREIGN KEY (app_id) REFERENCES public.socialaccount_socialapp(id) DEFERRABLE INITIALLY DEFERRED;


--
-- Name: socialaccount_socialapp_sites socialaccount_social_site_id_2579dee5_fk_django_si; Type: FK CONSTRAINT; Schema: public; Owner: iakev_general
--

ALTER TABLE ONLY public.socialaccount_socialapp_sites
    ADD CONSTRAINT socialaccount_social_site_id_2579dee5_fk_django_si FOREIGN KEY (site_id) REFERENCES public.django_site(id) DEFERRABLE INITIALLY DEFERRED;


--
-- Name: socialaccount_socialapp_sites socialaccount_social_socialapp_id_97fb6e7d_fk_socialacc; Type: FK CONSTRAINT; Schema: public; Owner: iakev_general
--

ALTER TABLE ONLY public.socialaccount_socialapp_sites
    ADD CONSTRAINT socialaccount_social_socialapp_id_97fb6e7d_fk_socialacc FOREIGN KEY (socialapp_id) REFERENCES public.socialaccount_socialapp(id) DEFERRABLE INITIALLY DEFERRED;


--
-- Name: socialaccount_socialaccount socialaccount_socialaccount_user_id_8146e70c_fk_users_user_id; Type: FK CONSTRAINT; Schema: public; Owner: iakev_general
--

ALTER TABLE ONLY public.socialaccount_socialaccount
    ADD CONSTRAINT socialaccount_socialaccount_user_id_8146e70c_fk_users_user_id FOREIGN KEY (user_id) REFERENCES public.users_user(id) DEFERRABLE INITIALLY DEFERRED;


--
-- Name: users_user_groups users_user_groups_group_id_9afc8d0e_fk_auth_group_id; Type: FK CONSTRAINT; Schema: public; Owner: iakev_general
--

ALTER TABLE ONLY public.users_user_groups
    ADD CONSTRAINT users_user_groups_group_id_9afc8d0e_fk_auth_group_id FOREIGN KEY (group_id) REFERENCES public.auth_group(id) DEFERRABLE INITIALLY DEFERRED;


--
-- Name: users_user_groups users_user_groups_user_id_5f6f5a90_fk_users_user_id; Type: FK CONSTRAINT; Schema: public; Owner: iakev_general
--

ALTER TABLE ONLY public.users_user_groups
    ADD CONSTRAINT users_user_groups_user_id_5f6f5a90_fk_users_user_id FOREIGN KEY (user_id) REFERENCES public.users_user(id) DEFERRABLE INITIALLY DEFERRED;


--
-- Name: users_user_user_permissions users_user_user_perm_permission_id_0b93982e_fk_auth_perm; Type: FK CONSTRAINT; Schema: public; Owner: iakev_general
--

ALTER TABLE ONLY public.users_user_user_permissions
    ADD CONSTRAINT users_user_user_perm_permission_id_0b93982e_fk_auth_perm FOREIGN KEY (permission_id) REFERENCES public.auth_permission(id) DEFERRABLE INITIALLY DEFERRED;


--
-- Name: users_user_user_permissions users_user_user_permissions_user_id_20aca447_fk_users_user_id; Type: FK CONSTRAINT; Schema: public; Owner: iakev_general
--

ALTER TABLE ONLY public.users_user_user_permissions
    ADD CONSTRAINT users_user_user_permissions_user_id_20aca447_fk_users_user_id FOREIGN KEY (user_id) REFERENCES public.users_user(id) DEFERRABLE INITIALLY DEFERRED;


--
-- PostgreSQL database dump complete
--

